module_name,EndFrame_sim
down_blocks.0.attentions.0.temporal_transformer_blocks.0.attn2,0.004749936517328024
down_blocks.0.attentions.1.temporal_transformer_blocks.0.attn2,0.11375869810581207
down_blocks.1.attentions.0.temporal_transformer_blocks.0.attn2,-0.037799444049596786
down_blocks.1.attentions.1.temporal_transformer_blocks.0.attn2,-0.14135995507240295
down_blocks.2.attentions.0.temporal_transformer_blocks.0.attn2,0.9492279887199402
down_blocks.2.attentions.1.temporal_transformer_blocks.0.attn2,0.5538226366043091
mid_block.attentions.0.temporal_transformer_blocks.0.attn2,0.10736524313688278
up_blocks.1.attentions.0.temporal_transformer_blocks.0.attn2,0.40235045552253723
up_blocks.1.attentions.1.temporal_transformer_blocks.0.attn2,0.06602150201797485
up_blocks.1.attentions.2.temporal_transformer_blocks.0.attn2,0.2256719470024109
up_blocks.2.attentions.0.temporal_transformer_blocks.0.attn2,0.08909589797258377
up_blocks.2.attentions.1.temporal_transformer_blocks.0.attn2,-0.0488319918513298
up_blocks.2.attentions.2.temporal_transformer_blocks.0.attn2,0.11402586847543716
up_blocks.3.attentions.0.temporal_transformer_blocks.0.attn2,0.10739630460739136
up_blocks.3.attentions.1.temporal_transformer_blocks.0.attn2,0.08188071101903915
up_blocks.3.attentions.2.temporal_transformer_blocks.0.attn2,0.02619064226746559
down_blocks.0.attentions.0.temporal_transformer_blocks.0.attn2,0.004910253919661045
down_blocks.0.attentions.1.temporal_transformer_blocks.0.attn2,0.11356419324874878
down_blocks.1.attentions.0.temporal_transformer_blocks.0.attn2,-0.03714292123913765
down_blocks.1.attentions.1.temporal_transformer_blocks.0.attn2,-0.14038050174713135
down_blocks.2.attentions.0.temporal_transformer_blocks.0.attn2,0.948332667350769
down_blocks.2.attentions.1.temporal_transformer_blocks.0.attn2,0.558097243309021
mid_block.attentions.0.temporal_transformer_blocks.0.attn2,0.11122409254312515
up_blocks.1.attentions.0.temporal_transformer_blocks.0.attn2,0.40708914399147034
up_blocks.1.attentions.1.temporal_transformer_blocks.0.attn2,0.06392000615596771
up_blocks.1.attentions.2.temporal_transformer_blocks.0.attn2,0.2252429574728012
up_blocks.2.attentions.0.temporal_transformer_blocks.0.attn2,0.08941186219453812
up_blocks.2.attentions.1.temporal_transformer_blocks.0.attn2,-0.046764012426137924
up_blocks.2.attentions.2.temporal_transformer_blocks.0.attn2,0.11323848366737366
up_blocks.3.attentions.0.temporal_transformer_blocks.0.attn2,0.10737361013889313
up_blocks.3.attentions.1.temporal_transformer_blocks.0.attn2,0.08177297562360764
up_blocks.3.attentions.2.temporal_transformer_blocks.0.attn2,0.0261392779648304
down_blocks.0.attentions.0.temporal_transformer_blocks.0.attn2,0.005060757510364056
down_blocks.0.attentions.1.temporal_transformer_blocks.0.attn2,0.11334443837404251
down_blocks.1.attentions.0.temporal_transformer_blocks.0.attn2,-0.03633904457092285
down_blocks.1.attentions.1.temporal_transformer_blocks.0.attn2,-0.13929897546768188
down_blocks.2.attentions.0.temporal_transformer_blocks.0.attn2,0.9474628567695618
down_blocks.2.attentions.1.temporal_transformer_blocks.0.attn2,0.5631953477859497
mid_block.attentions.0.temporal_transformer_blocks.0.attn2,0.1155502125620842
up_blocks.1.attentions.0.temporal_transformer_blocks.0.attn2,0.4120626449584961
up_blocks.1.attentions.1.temporal_transformer_blocks.0.attn2,0.06184162572026253
up_blocks.1.attentions.2.temporal_transformer_blocks.0.attn2,0.22490957379341125
up_blocks.2.attentions.0.temporal_transformer_blocks.0.attn2,0.08970802277326584
up_blocks.2.attentions.1.temporal_transformer_blocks.0.attn2,-0.044602204114198685
up_blocks.2.attentions.2.temporal_transformer_blocks.0.attn2,0.11244488507509232
up_blocks.3.attentions.0.temporal_transformer_blocks.0.attn2,0.10723050683736801
up_blocks.3.attentions.1.temporal_transformer_blocks.0.attn2,0.08165576308965683
up_blocks.3.attentions.2.temporal_transformer_blocks.0.attn2,0.02604028396308422
down_blocks.0.attentions.0.temporal_transformer_blocks.0.attn2,0.005206689704209566
down_blocks.0.attentions.1.temporal_transformer_blocks.0.attn2,0.11308958381414413
down_blocks.1.attentions.0.temporal_transformer_blocks.0.attn2,-0.03535555303096771
down_blocks.1.attentions.1.temporal_transformer_blocks.0.attn2,-0.13811588287353516
down_blocks.2.attentions.0.temporal_transformer_blocks.0.attn2,0.9465548992156982
down_blocks.2.attentions.1.temporal_transformer_blocks.0.attn2,0.5691827535629272
mid_block.attentions.0.temporal_transformer_blocks.0.attn2,0.12040609866380692
up_blocks.1.attentions.0.temporal_transformer_blocks.0.attn2,0.41739222407341003
up_blocks.1.attentions.1.temporal_transformer_blocks.0.attn2,0.06019846349954605
up_blocks.1.attentions.2.temporal_transformer_blocks.0.attn2,0.22468529641628265
up_blocks.2.attentions.0.temporal_transformer_blocks.0.attn2,0.08996553719043732
up_blocks.2.attentions.1.temporal_transformer_blocks.0.attn2,-0.04233879968523979
up_blocks.2.attentions.2.temporal_transformer_blocks.0.attn2,0.11160854995250702
up_blocks.3.attentions.0.temporal_transformer_blocks.0.attn2,0.10733962804079056
up_blocks.3.attentions.1.temporal_transformer_blocks.0.attn2,0.08152347803115845
up_blocks.3.attentions.2.temporal_transformer_blocks.0.attn2,0.025923358276486397
down_blocks.0.attentions.0.temporal_transformer_blocks.0.attn2,0.005332573316991329
down_blocks.0.attentions.1.temporal_transformer_blocks.0.attn2,0.11279448121786118
down_blocks.1.attentions.0.temporal_transformer_blocks.0.attn2,-0.03413955494761467
down_blocks.1.attentions.1.temporal_transformer_blocks.0.attn2,-0.13684841990470886
down_blocks.2.attentions.0.temporal_transformer_blocks.0.attn2,0.9454554915428162
down_blocks.2.attentions.1.temporal_transformer_blocks.0.attn2,0.5760399699211121
mid_block.attentions.0.temporal_transformer_blocks.0.attn2,0.1257992833852768
up_blocks.1.attentions.0.temporal_transformer_blocks.0.attn2,0.42324987053871155
up_blocks.1.attentions.1.temporal_transformer_blocks.0.attn2,0.05886664241552353
up_blocks.1.attentions.2.temporal_transformer_blocks.0.attn2,0.22416071593761444
up_blocks.2.attentions.0.temporal_transformer_blocks.0.attn2,0.0901186391711235
up_blocks.2.attentions.1.temporal_transformer_blocks.0.attn2,-0.039769962430000305
up_blocks.2.attentions.2.temporal_transformer_blocks.0.attn2,0.11060398817062378
up_blocks.3.attentions.0.temporal_transformer_blocks.0.attn2,0.10717568546533585
up_blocks.3.attentions.1.temporal_transformer_blocks.0.attn2,0.08135486394166946
up_blocks.3.attentions.2.temporal_transformer_blocks.0.attn2,0.025832613930106163
down_blocks.0.attentions.0.temporal_transformer_blocks.0.attn2,0.005427111871540546
down_blocks.0.attentions.1.temporal_transformer_blocks.0.attn2,0.11245230585336685
down_blocks.1.attentions.0.temporal_transformer_blocks.0.attn2,-0.032640207558870316
down_blocks.1.attentions.1.temporal_transformer_blocks.0.attn2,-0.13554221391677856
down_blocks.2.attentions.0.temporal_transformer_blocks.0.attn2,0.9440603256225586
down_blocks.2.attentions.1.temporal_transformer_blocks.0.attn2,0.5836064219474792
mid_block.attentions.0.temporal_transformer_blocks.0.attn2,0.13162411749362946
up_blocks.1.attentions.0.temporal_transformer_blocks.0.attn2,0.43006834387779236
up_blocks.1.attentions.1.temporal_transformer_blocks.0.attn2,0.058099374175071716
up_blocks.1.attentions.2.temporal_transformer_blocks.0.attn2,0.2231980264186859
up_blocks.2.attentions.0.temporal_transformer_blocks.0.attn2,0.0901280865073204
up_blocks.2.attentions.1.temporal_transformer_blocks.0.attn2,-0.036900170147418976
up_blocks.2.attentions.2.temporal_transformer_blocks.0.attn2,0.10941248387098312
up_blocks.3.attentions.0.temporal_transformer_blocks.0.attn2,0.1068103015422821
up_blocks.3.attentions.1.temporal_transformer_blocks.0.attn2,0.08116111904382706
up_blocks.3.attentions.2.temporal_transformer_blocks.0.attn2,0.02557659149169922
down_blocks.0.attentions.0.temporal_transformer_blocks.0.attn2,0.005477399565279484
down_blocks.0.attentions.1.temporal_transformer_blocks.0.attn2,0.11205129325389862
down_blocks.1.attentions.0.temporal_transformer_blocks.0.attn2,-0.030789028853178024
down_blocks.1.attentions.1.temporal_transformer_blocks.0.attn2,-0.1342800259590149
down_blocks.2.attentions.0.temporal_transformer_blocks.0.attn2,0.942329466342926
down_blocks.2.attentions.1.temporal_transformer_blocks.0.attn2,0.5914442539215088
mid_block.attentions.0.temporal_transformer_blocks.0.attn2,0.13748063147068024
up_blocks.1.attentions.0.temporal_transformer_blocks.0.attn2,0.4391558766365051
up_blocks.1.attentions.1.temporal_transformer_blocks.0.attn2,0.05834009498357773
up_blocks.1.attentions.2.temporal_transformer_blocks.0.attn2,0.22231702506542206
up_blocks.2.attentions.0.temporal_transformer_blocks.0.attn2,0.09002572298049927
up_blocks.2.attentions.1.temporal_transformer_blocks.0.attn2,-0.03352213278412819
up_blocks.2.attentions.2.temporal_transformer_blocks.0.attn2,0.10842577368021011
up_blocks.3.attentions.0.temporal_transformer_blocks.0.attn2,0.10725409537553787
up_blocks.3.attentions.1.temporal_transformer_blocks.0.attn2,0.08112223446369171
up_blocks.3.attentions.2.temporal_transformer_blocks.0.attn2,0.02513548731803894
down_blocks.0.attentions.0.temporal_transformer_blocks.0.attn2,0.005456875544041395
down_blocks.0.attentions.1.temporal_transformer_blocks.0.attn2,0.11158185452222824
down_blocks.1.attentions.0.temporal_transformer_blocks.0.attn2,-0.02850923500955105
down_blocks.1.attentions.1.temporal_transformer_blocks.0.attn2,-0.1331987828016281
down_blocks.2.attentions.0.temporal_transformer_blocks.0.attn2,0.9403334259986877
down_blocks.2.attentions.1.temporal_transformer_blocks.0.attn2,0.5986073017120361
mid_block.attentions.0.temporal_transformer_blocks.0.attn2,0.1428530067205429
up_blocks.1.attentions.0.temporal_transformer_blocks.0.attn2,0.45187631249427795
up_blocks.1.attentions.1.temporal_transformer_blocks.0.attn2,0.05930723994970322
up_blocks.1.attentions.2.temporal_transformer_blocks.0.attn2,0.2218022346496582
up_blocks.2.attentions.0.temporal_transformer_blocks.0.attn2,0.08971071243286133
up_blocks.2.attentions.1.temporal_transformer_blocks.0.attn2,-0.029473839327692986
up_blocks.2.attentions.2.temporal_transformer_blocks.0.attn2,0.10771697759628296
up_blocks.3.attentions.0.temporal_transformer_blocks.0.attn2,0.10843135416507721
up_blocks.3.attentions.1.temporal_transformer_blocks.0.attn2,0.08116992563009262
up_blocks.3.attentions.2.temporal_transformer_blocks.0.attn2,0.024580998346209526
down_blocks.0.attentions.0.temporal_transformer_blocks.0.attn2,0.0052777561359107494
down_blocks.0.attentions.1.temporal_transformer_blocks.0.attn2,0.11102113127708435
down_blocks.1.attentions.0.temporal_transformer_blocks.0.attn2,-0.025754399597644806
down_blocks.1.attentions.1.temporal_transformer_blocks.0.attn2,-0.13246379792690277
down_blocks.2.attentions.0.temporal_transformer_blocks.0.attn2,0.9384353756904602
down_blocks.2.attentions.1.temporal_transformer_blocks.0.attn2,0.6045223474502563
mid_block.attentions.0.temporal_transformer_blocks.0.attn2,0.14783905446529388
up_blocks.1.attentions.0.temporal_transformer_blocks.0.attn2,0.46860507130622864
up_blocks.1.attentions.1.temporal_transformer_blocks.0.attn2,0.05953879654407501
up_blocks.1.attentions.2.temporal_transformer_blocks.0.attn2,0.22118669748306274
up_blocks.2.attentions.0.temporal_transformer_blocks.0.attn2,0.08947662264108658
up_blocks.2.attentions.1.temporal_transformer_blocks.0.attn2,-0.025353655219078064
up_blocks.2.attentions.2.temporal_transformer_blocks.0.attn2,0.10713766515254974
up_blocks.3.attentions.0.temporal_transformer_blocks.0.attn2,0.1101742833852768
up_blocks.3.attentions.1.temporal_transformer_blocks.0.attn2,0.0814022570848465
up_blocks.3.attentions.2.temporal_transformer_blocks.0.attn2,0.024007586762309074
down_blocks.0.attentions.0.temporal_transformer_blocks.0.attn2,0.004534946288913488
down_blocks.0.attentions.1.temporal_transformer_blocks.0.attn2,0.11017825454473495
down_blocks.1.attentions.0.temporal_transformer_blocks.0.attn2,-0.02277894876897335
down_blocks.1.attentions.1.temporal_transformer_blocks.0.attn2,-0.13233785331249237
down_blocks.2.attentions.0.temporal_transformer_blocks.0.attn2,0.9365999698638916
down_blocks.2.attentions.1.temporal_transformer_blocks.0.attn2,0.6098000407218933
mid_block.attentions.0.temporal_transformer_blocks.0.attn2,0.15413951873779297
up_blocks.1.attentions.0.temporal_transformer_blocks.0.attn2,0.48339730501174927
up_blocks.1.attentions.1.temporal_transformer_blocks.0.attn2,0.057189200073480606
up_blocks.1.attentions.2.temporal_transformer_blocks.0.attn2,0.22034625709056854
up_blocks.2.attentions.0.temporal_transformer_blocks.0.attn2,0.0892002135515213
up_blocks.2.attentions.1.temporal_transformer_blocks.0.attn2,-0.021885547786951065
up_blocks.2.attentions.2.temporal_transformer_blocks.0.attn2,0.10639457404613495
up_blocks.3.attentions.0.temporal_transformer_blocks.0.attn2,0.11238214373588562
up_blocks.3.attentions.1.temporal_transformer_blocks.0.attn2,0.08116248995065689
up_blocks.3.attentions.2.temporal_transformer_blocks.0.attn2,0.02358209900557995
down_blocks.0.attentions.0.temporal_transformer_blocks.0.attn2,0.0036483847070485353
down_blocks.0.attentions.1.temporal_transformer_blocks.0.attn2,0.1091226264834404
down_blocks.1.attentions.0.temporal_transformer_blocks.0.attn2,-0.018906930461525917
down_blocks.1.attentions.1.temporal_transformer_blocks.0.attn2,-0.13353930413722992
down_blocks.2.attentions.0.temporal_transformer_blocks.0.attn2,0.9339194893836975
down_blocks.2.attentions.1.temporal_transformer_blocks.0.attn2,0.6159693002700806
mid_block.attentions.0.temporal_transformer_blocks.0.attn2,0.16124726831912994
up_blocks.1.attentions.0.temporal_transformer_blocks.0.attn2,0.4916688799858093
up_blocks.1.attentions.1.temporal_transformer_blocks.0.attn2,0.05312541872262955
up_blocks.1.attentions.2.temporal_transformer_blocks.0.attn2,0.21961966156959534
up_blocks.2.attentions.0.temporal_transformer_blocks.0.attn2,0.08802078664302826
up_blocks.2.attentions.1.temporal_transformer_blocks.0.attn2,-0.02054263837635517
up_blocks.2.attentions.2.temporal_transformer_blocks.0.attn2,0.10571750998497009
up_blocks.3.attentions.0.temporal_transformer_blocks.0.attn2,0.11300857365131378
up_blocks.3.attentions.1.temporal_transformer_blocks.0.attn2,0.08022920042276382
up_blocks.3.attentions.2.temporal_transformer_blocks.0.attn2,0.02331715077161789
down_blocks.0.attentions.0.temporal_transformer_blocks.0.attn2,0.003194253658875823
down_blocks.0.attentions.1.temporal_transformer_blocks.0.attn2,0.10813681036233902
down_blocks.1.attentions.0.temporal_transformer_blocks.0.attn2,-0.01437956653535366
down_blocks.1.attentions.1.temporal_transformer_blocks.0.attn2,-0.13578259944915771
down_blocks.2.attentions.0.temporal_transformer_blocks.0.attn2,0.9278876781463623
down_blocks.2.attentions.1.temporal_transformer_blocks.0.attn2,0.624875545501709
mid_block.attentions.0.temporal_transformer_blocks.0.attn2,0.16830646991729736
up_blocks.1.attentions.0.temporal_transformer_blocks.0.attn2,0.49888864159584045
up_blocks.1.attentions.1.temporal_transformer_blocks.0.attn2,0.050505489110946655
up_blocks.1.attentions.2.temporal_transformer_blocks.0.attn2,0.22049996256828308
up_blocks.2.attentions.0.temporal_transformer_blocks.0.attn2,0.08663877099752426
up_blocks.2.attentions.1.temporal_transformer_blocks.0.attn2,-0.020527422428131104
up_blocks.2.attentions.2.temporal_transformer_blocks.0.attn2,0.10575330257415771
up_blocks.3.attentions.0.temporal_transformer_blocks.0.attn2,0.10985634475946426
up_blocks.3.attentions.1.temporal_transformer_blocks.0.attn2,0.07854679226875305
up_blocks.3.attentions.2.temporal_transformer_blocks.0.attn2,0.0224815234541893
down_blocks.0.attentions.0.temporal_transformer_blocks.0.attn2,0.002640925347805023
down_blocks.0.attentions.1.temporal_transformer_blocks.0.attn2,0.10700681060552597
down_blocks.1.attentions.0.temporal_transformer_blocks.0.attn2,-0.009444762952625751
down_blocks.1.attentions.1.temporal_transformer_blocks.0.attn2,-0.1389283388853073
down_blocks.2.attentions.0.temporal_transformer_blocks.0.attn2,0.9176958203315735
down_blocks.2.attentions.1.temporal_transformer_blocks.0.attn2,0.6426069140434265
mid_block.attentions.0.temporal_transformer_blocks.0.attn2,0.1758495271205902
up_blocks.1.attentions.0.temporal_transformer_blocks.0.attn2,0.5093051791191101
up_blocks.1.attentions.1.temporal_transformer_blocks.0.attn2,0.05563077703118324
up_blocks.1.attentions.2.temporal_transformer_blocks.0.attn2,0.2202901691198349
up_blocks.2.attentions.0.temporal_transformer_blocks.0.attn2,0.0856894701719284
up_blocks.2.attentions.1.temporal_transformer_blocks.0.attn2,-0.021131616085767746
up_blocks.2.attentions.2.temporal_transformer_blocks.0.attn2,0.10524102300405502
up_blocks.3.attentions.0.temporal_transformer_blocks.0.attn2,0.10576646775007248
up_blocks.3.attentions.1.temporal_transformer_blocks.0.attn2,0.07627823948860168
up_blocks.3.attentions.2.temporal_transformer_blocks.0.attn2,0.02131558023393154
down_blocks.0.attentions.0.temporal_transformer_blocks.0.attn2,0.001481762737967074
down_blocks.0.attentions.1.temporal_transformer_blocks.0.attn2,0.10575619339942932
down_blocks.1.attentions.0.temporal_transformer_blocks.0.attn2,-0.005017577670514584
down_blocks.1.attentions.1.temporal_transformer_blocks.0.attn2,-0.14217820763587952
down_blocks.2.attentions.0.temporal_transformer_blocks.0.attn2,0.9102955460548401
down_blocks.2.attentions.1.temporal_transformer_blocks.0.attn2,0.670505166053772
mid_block.attentions.0.temporal_transformer_blocks.0.attn2,0.18124404549598694
up_blocks.1.attentions.0.temporal_transformer_blocks.0.attn2,0.5218342542648315
up_blocks.1.attentions.1.temporal_transformer_blocks.0.attn2,0.07225778698921204
up_blocks.1.attentions.2.temporal_transformer_blocks.0.attn2,0.21866627037525177
up_blocks.2.attentions.0.temporal_transformer_blocks.0.attn2,0.08461706340312958
up_blocks.2.attentions.1.temporal_transformer_blocks.0.attn2,-0.02229883335530758
up_blocks.2.attentions.2.temporal_transformer_blocks.0.attn2,0.10661603510379791
up_blocks.3.attentions.0.temporal_transformer_blocks.0.attn2,0.10409899055957794
up_blocks.3.attentions.1.temporal_transformer_blocks.0.attn2,0.07643084973096848
up_blocks.3.attentions.2.temporal_transformer_blocks.0.attn2,0.019772494211792946
down_blocks.0.attentions.0.temporal_transformer_blocks.0.attn2,-0.00022110342979431152
down_blocks.0.attentions.1.temporal_transformer_blocks.0.attn2,0.10444613546133041
down_blocks.1.attentions.0.temporal_transformer_blocks.0.attn2,-0.0020667947828769684
down_blocks.1.attentions.1.temporal_transformer_blocks.0.attn2,-0.14505968987941742
down_blocks.2.attentions.0.temporal_transformer_blocks.0.attn2,0.8951775431632996
down_blocks.2.attentions.1.temporal_transformer_blocks.0.attn2,0.6825589537620544
mid_block.attentions.0.temporal_transformer_blocks.0.attn2,0.17699627578258514
up_blocks.1.attentions.0.temporal_transformer_blocks.0.attn2,0.5569031238555908
up_blocks.1.attentions.1.temporal_transformer_blocks.0.attn2,0.07901499420404434
up_blocks.1.attentions.2.temporal_transformer_blocks.0.attn2,0.2231404036283493
up_blocks.2.attentions.0.temporal_transformer_blocks.0.attn2,0.08476607501506805
up_blocks.2.attentions.1.temporal_transformer_blocks.0.attn2,-0.02047916315495968
up_blocks.2.attentions.2.temporal_transformer_blocks.0.attn2,0.11373762786388397
up_blocks.3.attentions.0.temporal_transformer_blocks.0.attn2,0.10719440132379532
up_blocks.3.attentions.1.temporal_transformer_blocks.0.attn2,0.07782401889562607
up_blocks.3.attentions.2.temporal_transformer_blocks.0.attn2,0.020567823201417923
down_blocks.0.attentions.0.temporal_transformer_blocks.0.attn2,-0.0015403835568577051
down_blocks.0.attentions.1.temporal_transformer_blocks.0.attn2,0.10276231914758682
down_blocks.1.attentions.0.temporal_transformer_blocks.0.attn2,0.00045509260962717235
down_blocks.1.attentions.1.temporal_transformer_blocks.0.attn2,-0.14930057525634766
down_blocks.2.attentions.0.temporal_transformer_blocks.0.attn2,0.8777832984924316
down_blocks.2.attentions.1.temporal_transformer_blocks.0.attn2,0.6853643655776978
mid_block.attentions.0.temporal_transformer_blocks.0.attn2,0.17367467284202576
up_blocks.1.attentions.0.temporal_transformer_blocks.0.attn2,0.5870850682258606
up_blocks.1.attentions.1.temporal_transformer_blocks.0.attn2,0.07628094404935837
up_blocks.1.attentions.2.temporal_transformer_blocks.0.attn2,0.22234098613262177
up_blocks.2.attentions.0.temporal_transformer_blocks.0.attn2,0.08408555388450623
up_blocks.2.attentions.1.temporal_transformer_blocks.0.attn2,-0.021240774542093277
up_blocks.2.attentions.2.temporal_transformer_blocks.0.attn2,0.11647947877645493
up_blocks.3.attentions.0.temporal_transformer_blocks.0.attn2,0.10980761051177979
up_blocks.3.attentions.1.temporal_transformer_blocks.0.attn2,0.07814408093690872
up_blocks.3.attentions.2.temporal_transformer_blocks.0.attn2,0.02075650356709957
down_blocks.0.attentions.0.temporal_transformer_blocks.0.attn2,-0.003340410767123103
down_blocks.0.attentions.1.temporal_transformer_blocks.0.attn2,0.10089010000228882
down_blocks.1.attentions.0.temporal_transformer_blocks.0.attn2,0.002861953340470791
down_blocks.1.attentions.1.temporal_transformer_blocks.0.attn2,-0.15583853423595428
down_blocks.2.attentions.0.temporal_transformer_blocks.0.attn2,0.8567584753036499
down_blocks.2.attentions.1.temporal_transformer_blocks.0.attn2,0.689586341381073
mid_block.attentions.0.temporal_transformer_blocks.0.attn2,0.17809021472930908
up_blocks.1.attentions.0.temporal_transformer_blocks.0.attn2,0.6163116097450256
up_blocks.1.attentions.1.temporal_transformer_blocks.0.attn2,0.07017990946769714
up_blocks.1.attentions.2.temporal_transformer_blocks.0.attn2,0.21972684562206268
up_blocks.2.attentions.0.temporal_transformer_blocks.0.attn2,0.08208638429641724
up_blocks.2.attentions.1.temporal_transformer_blocks.0.attn2,-0.018679624423384666
up_blocks.2.attentions.2.temporal_transformer_blocks.0.attn2,0.11739739775657654
up_blocks.3.attentions.0.temporal_transformer_blocks.0.attn2,0.11105316132307053
up_blocks.3.attentions.1.temporal_transformer_blocks.0.attn2,0.07741376757621765
up_blocks.3.attentions.2.temporal_transformer_blocks.0.attn2,0.02016467973589897
down_blocks.0.attentions.0.temporal_transformer_blocks.0.attn2,-0.00631782365962863
down_blocks.0.attentions.1.temporal_transformer_blocks.0.attn2,0.09909137338399887
down_blocks.1.attentions.0.temporal_transformer_blocks.0.attn2,0.0041877650655806065
down_blocks.1.attentions.1.temporal_transformer_blocks.0.attn2,-0.16131140291690826
down_blocks.2.attentions.0.temporal_transformer_blocks.0.attn2,0.8405460119247437
down_blocks.2.attentions.1.temporal_transformer_blocks.0.attn2,0.701823353767395
mid_block.attentions.0.temporal_transformer_blocks.0.attn2,0.1735169142484665
up_blocks.1.attentions.0.temporal_transformer_blocks.0.attn2,0.6422757506370544
up_blocks.1.attentions.1.temporal_transformer_blocks.0.attn2,0.06838084757328033
up_blocks.1.attentions.2.temporal_transformer_blocks.0.attn2,0.21845175325870514
up_blocks.2.attentions.0.temporal_transformer_blocks.0.attn2,0.07980677485466003
up_blocks.2.attentions.1.temporal_transformer_blocks.0.attn2,-0.019202716648578644
up_blocks.2.attentions.2.temporal_transformer_blocks.0.attn2,0.11952348798513412
up_blocks.3.attentions.0.temporal_transformer_blocks.0.attn2,0.11369971185922623
up_blocks.3.attentions.1.temporal_transformer_blocks.0.attn2,0.07688715308904648
up_blocks.3.attentions.2.temporal_transformer_blocks.0.attn2,0.01917797513306141
down_blocks.0.attentions.0.temporal_transformer_blocks.0.attn2,-0.009815939702093601
down_blocks.0.attentions.1.temporal_transformer_blocks.0.attn2,0.09576380997896194
down_blocks.1.attentions.0.temporal_transformer_blocks.0.attn2,0.0048509202897548676
down_blocks.1.attentions.1.temporal_transformer_blocks.0.attn2,-0.1660098284482956
down_blocks.2.attentions.0.temporal_transformer_blocks.0.attn2,0.8311984539031982
down_blocks.2.attentions.1.temporal_transformer_blocks.0.attn2,0.7233489155769348
mid_block.attentions.0.temporal_transformer_blocks.0.attn2,0.16893355548381805
up_blocks.1.attentions.0.temporal_transformer_blocks.0.attn2,0.6696265339851379
up_blocks.1.attentions.1.temporal_transformer_blocks.0.attn2,0.06815993040800095
up_blocks.1.attentions.2.temporal_transformer_blocks.0.attn2,0.21811945736408234
up_blocks.2.attentions.0.temporal_transformer_blocks.0.attn2,0.07780597358942032
up_blocks.2.attentions.1.temporal_transformer_blocks.0.attn2,-0.01833641156554222
up_blocks.2.attentions.2.temporal_transformer_blocks.0.attn2,0.1233663260936737
up_blocks.3.attentions.0.temporal_transformer_blocks.0.attn2,0.1151302233338356
up_blocks.3.attentions.1.temporal_transformer_blocks.0.attn2,0.07453887909650803
up_blocks.3.attentions.2.temporal_transformer_blocks.0.attn2,0.018228553235530853
down_blocks.0.attentions.0.temporal_transformer_blocks.0.attn2,-0.011626181192696095
down_blocks.0.attentions.1.temporal_transformer_blocks.0.attn2,0.08943291753530502
down_blocks.1.attentions.0.temporal_transformer_blocks.0.attn2,0.005327256862074137
down_blocks.1.attentions.1.temporal_transformer_blocks.0.attn2,-0.1714804768562317
down_blocks.2.attentions.0.temporal_transformer_blocks.0.attn2,0.8295115232467651
down_blocks.2.attentions.1.temporal_transformer_blocks.0.attn2,0.7465762495994568
mid_block.attentions.0.temporal_transformer_blocks.0.attn2,0.1548706442117691
up_blocks.1.attentions.0.temporal_transformer_blocks.0.attn2,0.6948347687721252
up_blocks.1.attentions.1.temporal_transformer_blocks.0.attn2,0.05675726756453514
up_blocks.1.attentions.2.temporal_transformer_blocks.0.attn2,0.2163512259721756
up_blocks.2.attentions.0.temporal_transformer_blocks.0.attn2,0.07509611546993256
up_blocks.2.attentions.1.temporal_transformer_blocks.0.attn2,-0.018878376111388206
up_blocks.2.attentions.2.temporal_transformer_blocks.0.attn2,0.1284395307302475
up_blocks.3.attentions.0.temporal_transformer_blocks.0.attn2,0.11584367603063583
up_blocks.3.attentions.1.temporal_transformer_blocks.0.attn2,0.0705636516213417
up_blocks.3.attentions.2.temporal_transformer_blocks.0.attn2,0.01775839366018772
down_blocks.0.attentions.0.temporal_transformer_blocks.0.attn2,-0.011411520652472973
down_blocks.0.attentions.1.temporal_transformer_blocks.0.attn2,0.08172141760587692
down_blocks.1.attentions.0.temporal_transformer_blocks.0.attn2,0.007060631178319454
down_blocks.1.attentions.1.temporal_transformer_blocks.0.attn2,-0.17681322991847992
down_blocks.2.attentions.0.temporal_transformer_blocks.0.attn2,0.8402186632156372
down_blocks.2.attentions.1.temporal_transformer_blocks.0.attn2,0.7629532217979431
mid_block.attentions.0.temporal_transformer_blocks.0.attn2,0.13199292123317719
up_blocks.1.attentions.0.temporal_transformer_blocks.0.attn2,0.7161455750465393
up_blocks.1.attentions.1.temporal_transformer_blocks.0.attn2,0.04185748100280762
up_blocks.1.attentions.2.temporal_transformer_blocks.0.attn2,0.21152788400650024
up_blocks.2.attentions.0.temporal_transformer_blocks.0.attn2,0.07340142875909805
up_blocks.2.attentions.1.temporal_transformer_blocks.0.attn2,-0.022429130971431732
up_blocks.2.attentions.2.temporal_transformer_blocks.0.attn2,0.13399583101272583
up_blocks.3.attentions.0.temporal_transformer_blocks.0.attn2,0.11718674749135971
up_blocks.3.attentions.1.temporal_transformer_blocks.0.attn2,0.067890964448452
up_blocks.3.attentions.2.temporal_transformer_blocks.0.attn2,0.017021745443344116
down_blocks.0.attentions.0.temporal_transformer_blocks.0.attn2,-0.008731012232601643
down_blocks.0.attentions.1.temporal_transformer_blocks.0.attn2,0.07291039824485779
down_blocks.1.attentions.0.temporal_transformer_blocks.0.attn2,0.010809763334691525
down_blocks.1.attentions.1.temporal_transformer_blocks.0.attn2,-0.180601567029953
down_blocks.2.attentions.0.temporal_transformer_blocks.0.attn2,0.8560926914215088
down_blocks.2.attentions.1.temporal_transformer_blocks.0.attn2,0.763975203037262
mid_block.attentions.0.temporal_transformer_blocks.0.attn2,0.10529813170433044
up_blocks.1.attentions.0.temporal_transformer_blocks.0.attn2,0.7307406663894653
up_blocks.1.attentions.1.temporal_transformer_blocks.0.attn2,0.029770512133836746
up_blocks.1.attentions.2.temporal_transformer_blocks.0.attn2,0.20811901986598969
up_blocks.2.attentions.0.temporal_transformer_blocks.0.attn2,0.07200474292039871
up_blocks.2.attentions.1.temporal_transformer_blocks.0.attn2,-0.027062835171818733
up_blocks.2.attentions.2.temporal_transformer_blocks.0.attn2,0.13827264308929443
up_blocks.3.attentions.0.temporal_transformer_blocks.0.attn2,0.11755874752998352
up_blocks.3.attentions.1.temporal_transformer_blocks.0.attn2,0.06577467918395996
up_blocks.3.attentions.2.temporal_transformer_blocks.0.attn2,0.015565885230898857
down_blocks.0.attentions.0.temporal_transformer_blocks.0.attn2,-0.0006472907843999565
down_blocks.0.attentions.1.temporal_transformer_blocks.0.attn2,0.06371636688709259
down_blocks.1.attentions.0.temporal_transformer_blocks.0.attn2,0.016564883291721344
down_blocks.1.attentions.1.temporal_transformer_blocks.0.attn2,-0.18280330300331116
down_blocks.2.attentions.0.temporal_transformer_blocks.0.attn2,0.8733842968940735
down_blocks.2.attentions.1.temporal_transformer_blocks.0.attn2,0.7630174160003662
mid_block.attentions.0.temporal_transformer_blocks.0.attn2,0.08023376762866974
up_blocks.1.attentions.0.temporal_transformer_blocks.0.attn2,0.7447044849395752
up_blocks.1.attentions.1.temporal_transformer_blocks.0.attn2,0.020691443234682083
up_blocks.1.attentions.2.temporal_transformer_blocks.0.attn2,0.20473679900169373
up_blocks.2.attentions.0.temporal_transformer_blocks.0.attn2,0.07184049487113953
up_blocks.2.attentions.1.temporal_transformer_blocks.0.attn2,-0.03347863256931305
up_blocks.2.attentions.2.temporal_transformer_blocks.0.attn2,0.1403680145740509
up_blocks.3.attentions.0.temporal_transformer_blocks.0.attn2,0.11732697486877441
up_blocks.3.attentions.1.temporal_transformer_blocks.0.attn2,0.0646059587597847
up_blocks.3.attentions.2.temporal_transformer_blocks.0.attn2,0.012827393598854542
down_blocks.0.attentions.0.temporal_transformer_blocks.0.attn2,0.004609067924320698
down_blocks.0.attentions.1.temporal_transformer_blocks.0.attn2,0.05557874217629433
down_blocks.1.attentions.0.temporal_transformer_blocks.0.attn2,0.023134177550673485
down_blocks.1.attentions.1.temporal_transformer_blocks.0.attn2,-0.1838657408952713
down_blocks.2.attentions.0.temporal_transformer_blocks.0.attn2,0.8751811981201172
down_blocks.2.attentions.1.temporal_transformer_blocks.0.attn2,0.7587831020355225
mid_block.attentions.0.temporal_transformer_blocks.0.attn2,0.06544648855924606
up_blocks.1.attentions.0.temporal_transformer_blocks.0.attn2,0.758552074432373
up_blocks.1.attentions.1.temporal_transformer_blocks.0.attn2,0.013830146752297878
up_blocks.1.attentions.2.temporal_transformer_blocks.0.attn2,0.1982569843530655
up_blocks.2.attentions.0.temporal_transformer_blocks.0.attn2,0.07210931181907654
up_blocks.2.attentions.1.temporal_transformer_blocks.0.attn2,-0.04080083593726158
up_blocks.2.attentions.2.temporal_transformer_blocks.0.attn2,0.14262865483760834
up_blocks.3.attentions.0.temporal_transformer_blocks.0.attn2,0.11687029898166656
up_blocks.3.attentions.1.temporal_transformer_blocks.0.attn2,0.06454003602266312
up_blocks.3.attentions.2.temporal_transformer_blocks.0.attn2,0.00922370608896017
down_blocks.0.attentions.0.temporal_transformer_blocks.0.attn2,0.007009615655988455
down_blocks.0.attentions.1.temporal_transformer_blocks.0.attn2,0.04825332760810852
down_blocks.1.attentions.0.temporal_transformer_blocks.0.attn2,0.029799314215779305
down_blocks.1.attentions.1.temporal_transformer_blocks.0.attn2,-0.18320398032665253
down_blocks.2.attentions.0.temporal_transformer_blocks.0.attn2,0.8691449165344238
down_blocks.2.attentions.1.temporal_transformer_blocks.0.attn2,0.7497453093528748
mid_block.attentions.0.temporal_transformer_blocks.0.attn2,0.05787498503923416
up_blocks.1.attentions.0.temporal_transformer_blocks.0.attn2,0.7737770080566406
up_blocks.1.attentions.1.temporal_transformer_blocks.0.attn2,0.008743535727262497
up_blocks.1.attentions.2.temporal_transformer_blocks.0.attn2,0.19081124663352966
up_blocks.2.attentions.0.temporal_transformer_blocks.0.attn2,0.07310588657855988
up_blocks.2.attentions.1.temporal_transformer_blocks.0.attn2,-0.04758971184492111
up_blocks.2.attentions.2.temporal_transformer_blocks.0.attn2,0.14609134197235107
up_blocks.3.attentions.0.temporal_transformer_blocks.0.attn2,0.11651694029569626
up_blocks.3.attentions.1.temporal_transformer_blocks.0.attn2,0.06479683518409729
up_blocks.3.attentions.2.temporal_transformer_blocks.0.attn2,0.005051490850746632
down_blocks.0.attentions.0.temporal_transformer_blocks.0.attn2,0.00872822105884552
down_blocks.0.attentions.1.temporal_transformer_blocks.0.attn2,0.04198849946260452
down_blocks.1.attentions.0.temporal_transformer_blocks.0.attn2,0.035619646310806274
down_blocks.1.attentions.1.temporal_transformer_blocks.0.attn2,-0.1798444390296936
down_blocks.2.attentions.0.temporal_transformer_blocks.0.attn2,0.8585059642791748
down_blocks.2.attentions.1.temporal_transformer_blocks.0.attn2,0.7329649329185486
mid_block.attentions.0.temporal_transformer_blocks.0.attn2,0.05348825827240944
up_blocks.1.attentions.0.temporal_transformer_blocks.0.attn2,0.7922274470329285
up_blocks.1.attentions.1.temporal_transformer_blocks.0.attn2,0.004606151953339577
up_blocks.1.attentions.2.temporal_transformer_blocks.0.attn2,0.18451686203479767
up_blocks.2.attentions.0.temporal_transformer_blocks.0.attn2,0.07541080564260483
up_blocks.2.attentions.1.temporal_transformer_blocks.0.attn2,-0.053960539400577545
up_blocks.2.attentions.2.temporal_transformer_blocks.0.attn2,0.14934475719928741
up_blocks.3.attentions.0.temporal_transformer_blocks.0.attn2,0.11623389273881912
up_blocks.3.attentions.1.temporal_transformer_blocks.0.attn2,0.0650191605091095
up_blocks.3.attentions.2.temporal_transformer_blocks.0.attn2,0.0002962592989206314
down_blocks.0.attentions.0.temporal_transformer_blocks.0.attn2,0.010305317118763924
down_blocks.0.attentions.1.temporal_transformer_blocks.0.attn2,0.036119766533374786
down_blocks.1.attentions.0.temporal_transformer_blocks.0.attn2,0.04076581820845604
down_blocks.1.attentions.1.temporal_transformer_blocks.0.attn2,-0.17268003523349762
down_blocks.2.attentions.0.temporal_transformer_blocks.0.attn2,0.8493084907531738
down_blocks.2.attentions.1.temporal_transformer_blocks.0.attn2,0.7200735807418823
mid_block.attentions.0.temporal_transformer_blocks.0.attn2,0.050745196640491486
up_blocks.1.attentions.0.temporal_transformer_blocks.0.attn2,0.808708667755127
up_blocks.1.attentions.1.temporal_transformer_blocks.0.attn2,0.0066073001362383366
up_blocks.1.attentions.2.temporal_transformer_blocks.0.attn2,0.18163953721523285
up_blocks.2.attentions.0.temporal_transformer_blocks.0.attn2,0.07872791588306427
up_blocks.2.attentions.1.temporal_transformer_blocks.0.attn2,-0.05941452458500862
up_blocks.2.attentions.2.temporal_transformer_blocks.0.attn2,0.15132731199264526
up_blocks.3.attentions.0.temporal_transformer_blocks.0.attn2,0.11561509966850281
up_blocks.3.attentions.1.temporal_transformer_blocks.0.attn2,0.06533975899219513
up_blocks.3.attentions.2.temporal_transformer_blocks.0.attn2,-0.004950045607984066
down_blocks.0.attentions.0.temporal_transformer_blocks.0.attn2,0.011931641027331352
down_blocks.0.attentions.1.temporal_transformer_blocks.0.attn2,0.029632488265633583
down_blocks.1.attentions.0.temporal_transformer_blocks.0.attn2,0.04527849331498146
down_blocks.1.attentions.1.temporal_transformer_blocks.0.attn2,-0.1619623601436615
down_blocks.2.attentions.0.temporal_transformer_blocks.0.attn2,0.8284441828727722
down_blocks.2.attentions.1.temporal_transformer_blocks.0.attn2,0.7167174220085144
mid_block.attentions.0.temporal_transformer_blocks.0.attn2,0.0496281161904335
up_blocks.1.attentions.0.temporal_transformer_blocks.0.attn2,0.8177151679992676
up_blocks.1.attentions.1.temporal_transformer_blocks.0.attn2,0.014266223646700382
up_blocks.1.attentions.2.temporal_transformer_blocks.0.attn2,0.18248312175273895
up_blocks.2.attentions.0.temporal_transformer_blocks.0.attn2,0.08206380158662796
up_blocks.2.attentions.1.temporal_transformer_blocks.0.attn2,-0.06502394378185272
up_blocks.2.attentions.2.temporal_transformer_blocks.0.attn2,0.15151488780975342
up_blocks.3.attentions.0.temporal_transformer_blocks.0.attn2,0.1143372431397438
up_blocks.3.attentions.1.temporal_transformer_blocks.0.attn2,0.06491060554981232
up_blocks.3.attentions.2.temporal_transformer_blocks.0.attn2,-0.010316731408238411
down_blocks.0.attentions.0.temporal_transformer_blocks.0.attn2,0.013364729471504688
down_blocks.0.attentions.1.temporal_transformer_blocks.0.attn2,0.022125056013464928
down_blocks.1.attentions.0.temporal_transformer_blocks.0.attn2,0.04946000128984451
down_blocks.1.attentions.1.temporal_transformer_blocks.0.attn2,-0.14937686920166016
down_blocks.2.attentions.0.temporal_transformer_blocks.0.attn2,0.7739474773406982
down_blocks.2.attentions.1.temporal_transformer_blocks.0.attn2,0.709526538848877
mid_block.attentions.0.temporal_transformer_blocks.0.attn2,0.05490022897720337
up_blocks.1.attentions.0.temporal_transformer_blocks.0.attn2,0.8190317749977112
up_blocks.1.attentions.1.temporal_transformer_blocks.0.attn2,0.02293700911104679
up_blocks.1.attentions.2.temporal_transformer_blocks.0.attn2,0.1855444759130478
up_blocks.2.attentions.0.temporal_transformer_blocks.0.attn2,0.08419724553823471
up_blocks.2.attentions.1.temporal_transformer_blocks.0.attn2,-0.07361173629760742
up_blocks.2.attentions.2.temporal_transformer_blocks.0.attn2,0.15002796053886414
up_blocks.3.attentions.0.temporal_transformer_blocks.0.attn2,0.1121019721031189
up_blocks.3.attentions.1.temporal_transformer_blocks.0.attn2,0.06442185491323471
up_blocks.3.attentions.2.temporal_transformer_blocks.0.attn2,-0.015387303195893764
down_blocks.0.attentions.0.temporal_transformer_blocks.0.attn2,0.014378083869814873
down_blocks.0.attentions.1.temporal_transformer_blocks.0.attn2,0.012580500915646553
down_blocks.1.attentions.0.temporal_transformer_blocks.0.attn2,0.055849019438028336
down_blocks.1.attentions.1.temporal_transformer_blocks.0.attn2,-0.13751433789730072
down_blocks.2.attentions.0.temporal_transformer_blocks.0.attn2,0.6928912401199341
down_blocks.2.attentions.1.temporal_transformer_blocks.0.attn2,0.6974579691886902
mid_block.attentions.0.temporal_transformer_blocks.0.attn2,0.06866766512393951
up_blocks.1.attentions.0.temporal_transformer_blocks.0.attn2,0.8174244165420532
up_blocks.1.attentions.1.temporal_transformer_blocks.0.attn2,0.03326361998915672
up_blocks.1.attentions.2.temporal_transformer_blocks.0.attn2,0.190627783536911
up_blocks.2.attentions.0.temporal_transformer_blocks.0.attn2,0.08474325388669968
up_blocks.2.attentions.1.temporal_transformer_blocks.0.attn2,-0.08582442253828049
up_blocks.2.attentions.2.temporal_transformer_blocks.0.attn2,0.14772070944309235
up_blocks.3.attentions.0.temporal_transformer_blocks.0.attn2,0.1086154505610466
up_blocks.3.attentions.1.temporal_transformer_blocks.0.attn2,0.06477642804384232
up_blocks.3.attentions.2.temporal_transformer_blocks.0.attn2,-0.02003464847803116
down_blocks.0.attentions.0.temporal_transformer_blocks.0.attn2,-0.0005421051755547523
down_blocks.0.attentions.1.temporal_transformer_blocks.0.attn2,0.11323590576648712
down_blocks.1.attentions.0.temporal_transformer_blocks.0.attn2,-0.037025336176157
down_blocks.1.attentions.1.temporal_transformer_blocks.0.attn2,-0.1421716809272766
down_blocks.2.attentions.0.temporal_transformer_blocks.0.attn2,0.9779770970344543
down_blocks.2.attentions.1.temporal_transformer_blocks.0.attn2,0.5814492106437683
mid_block.attentions.0.temporal_transformer_blocks.0.attn2,0.10400896519422531
up_blocks.1.attentions.0.temporal_transformer_blocks.0.attn2,0.4058901369571686
up_blocks.1.attentions.1.temporal_transformer_blocks.0.attn2,0.07401975244283676
up_blocks.1.attentions.2.temporal_transformer_blocks.0.attn2,0.2297735959291458
up_blocks.2.attentions.0.temporal_transformer_blocks.0.attn2,0.08801133185625076
up_blocks.2.attentions.1.temporal_transformer_blocks.0.attn2,-0.053347762674093246
up_blocks.2.attentions.2.temporal_transformer_blocks.0.attn2,0.11547079682350159
up_blocks.3.attentions.0.temporal_transformer_blocks.0.attn2,0.10885170102119446
up_blocks.3.attentions.1.temporal_transformer_blocks.0.attn2,0.08324000239372253
up_blocks.3.attentions.2.temporal_transformer_blocks.0.attn2,0.027343973517417908
down_blocks.0.attentions.0.temporal_transformer_blocks.0.attn2,-0.0004483623197302222
down_blocks.0.attentions.1.temporal_transformer_blocks.0.attn2,0.11302154511213303
down_blocks.1.attentions.0.temporal_transformer_blocks.0.attn2,-0.03629743680357933
down_blocks.1.attentions.1.temporal_transformer_blocks.0.attn2,-0.14095360040664673
down_blocks.2.attentions.0.temporal_transformer_blocks.0.attn2,0.978904664516449
down_blocks.2.attentions.1.temporal_transformer_blocks.0.attn2,0.5862143039703369
mid_block.attentions.0.temporal_transformer_blocks.0.attn2,0.1078297421336174
up_blocks.1.attentions.0.temporal_transformer_blocks.0.attn2,0.4118627905845642
up_blocks.1.attentions.1.temporal_transformer_blocks.0.attn2,0.07332931458950043
up_blocks.1.attentions.2.temporal_transformer_blocks.0.attn2,0.22886168956756592
up_blocks.2.attentions.0.temporal_transformer_blocks.0.attn2,0.08830071240663528
up_blocks.2.attentions.1.temporal_transformer_blocks.0.attn2,-0.051312532275915146
up_blocks.2.attentions.2.temporal_transformer_blocks.0.attn2,0.11497543007135391
up_blocks.3.attentions.0.temporal_transformer_blocks.0.attn2,0.1093069463968277
up_blocks.3.attentions.1.temporal_transformer_blocks.0.attn2,0.08308767527341843
up_blocks.3.attentions.2.temporal_transformer_blocks.0.attn2,0.027362024411559105
down_blocks.0.attentions.0.temporal_transformer_blocks.0.attn2,-0.0003677515487652272
down_blocks.0.attentions.1.temporal_transformer_blocks.0.attn2,0.11277855932712555
down_blocks.1.attentions.0.temporal_transformer_blocks.0.attn2,-0.03542322292923927
down_blocks.1.attentions.1.temporal_transformer_blocks.0.attn2,-0.13961076736450195
down_blocks.2.attentions.0.temporal_transformer_blocks.0.attn2,0.9799347519874573
down_blocks.2.attentions.1.temporal_transformer_blocks.0.attn2,0.5916112065315247
mid_block.attentions.0.temporal_transformer_blocks.0.attn2,0.11235298961400986
up_blocks.1.attentions.0.temporal_transformer_blocks.0.attn2,0.4182387888431549
up_blocks.1.attentions.1.temporal_transformer_blocks.0.attn2,0.0728168785572052
up_blocks.1.attentions.2.temporal_transformer_blocks.0.attn2,0.22811460494995117
up_blocks.2.attentions.0.temporal_transformer_blocks.0.attn2,0.08864028006792068
up_blocks.2.attentions.1.temporal_transformer_blocks.0.attn2,-0.04927540197968483
up_blocks.2.attentions.2.temporal_transformer_blocks.0.attn2,0.11450496315956116
up_blocks.3.attentions.0.temporal_transformer_blocks.0.attn2,0.10983972996473312
up_blocks.3.attentions.1.temporal_transformer_blocks.0.attn2,0.08293663710355759
up_blocks.3.attentions.2.temporal_transformer_blocks.0.attn2,0.027390610426664352
down_blocks.0.attentions.0.temporal_transformer_blocks.0.attn2,-0.00031045274226926267
down_blocks.0.attentions.1.temporal_transformer_blocks.0.attn2,0.11249705404043198
down_blocks.1.attentions.0.temporal_transformer_blocks.0.attn2,-0.03437952324748039
down_blocks.1.attentions.1.temporal_transformer_blocks.0.attn2,-0.1381436288356781
down_blocks.2.attentions.0.temporal_transformer_blocks.0.attn2,0.9808393120765686
down_blocks.2.attentions.1.temporal_transformer_blocks.0.attn2,0.5976976752281189
mid_block.attentions.0.temporal_transformer_blocks.0.attn2,0.11761865019798279
up_blocks.1.attentions.0.temporal_transformer_blocks.0.attn2,0.4250764548778534
up_blocks.1.attentions.1.temporal_transformer_blocks.0.attn2,0.07256301492452621
up_blocks.1.attentions.2.temporal_transformer_blocks.0.attn2,0.22717173397541046
up_blocks.2.attentions.0.temporal_transformer_blocks.0.attn2,0.08899974077939987
up_blocks.2.attentions.1.temporal_transformer_blocks.0.attn2,-0.04731784388422966
up_blocks.2.attentions.2.temporal_transformer_blocks.0.attn2,0.11397772282361984
up_blocks.3.attentions.0.temporal_transformer_blocks.0.attn2,0.1102464497089386
up_blocks.3.attentions.1.temporal_transformer_blocks.0.attn2,0.08282963931560516
up_blocks.3.attentions.2.temporal_transformer_blocks.0.attn2,0.02741772122681141
down_blocks.0.attentions.0.temporal_transformer_blocks.0.attn2,-0.0002772253646980971
down_blocks.0.attentions.1.temporal_transformer_blocks.0.attn2,0.11216733604669571
down_blocks.1.attentions.0.temporal_transformer_blocks.0.attn2,-0.03313207998871803
down_blocks.1.attentions.1.temporal_transformer_blocks.0.attn2,-0.13655486702919006
down_blocks.2.attentions.0.temporal_transformer_blocks.0.attn2,0.9812549352645874
down_blocks.2.attentions.1.temporal_transformer_blocks.0.attn2,0.604404866695404
mid_block.attentions.0.temporal_transformer_blocks.0.attn2,0.12358564883470535
up_blocks.1.attentions.0.temporal_transformer_blocks.0.attn2,0.43248167634010315
up_blocks.1.attentions.1.temporal_transformer_blocks.0.attn2,0.07267998903989792
up_blocks.1.attentions.2.temporal_transformer_blocks.0.attn2,0.2258676290512085
up_blocks.2.attentions.0.temporal_transformer_blocks.0.attn2,0.08928179740905762
up_blocks.2.attentions.1.temporal_transformer_blocks.0.attn2,-0.04541890323162079
up_blocks.2.attentions.2.temporal_transformer_blocks.0.attn2,0.1133819967508316
up_blocks.3.attentions.0.temporal_transformer_blocks.0.attn2,0.11037760972976685
up_blocks.3.attentions.1.temporal_transformer_blocks.0.attn2,0.0824100449681282
up_blocks.3.attentions.2.temporal_transformer_blocks.0.attn2,0.027487967163324356
down_blocks.0.attentions.0.temporal_transformer_blocks.0.attn2,-0.0002713504363782704
down_blocks.0.attentions.1.temporal_transformer_blocks.0.attn2,0.11176203936338425
down_blocks.1.attentions.0.temporal_transformer_blocks.0.attn2,-0.03161405771970749
down_blocks.1.attentions.1.temporal_transformer_blocks.0.attn2,-0.13485445082187653
down_blocks.2.attentions.0.temporal_transformer_blocks.0.attn2,0.980535626411438
down_blocks.2.attentions.1.temporal_transformer_blocks.0.attn2,0.6115142703056335
mid_block.attentions.0.temporal_transformer_blocks.0.attn2,0.1300738900899887
up_blocks.1.attentions.0.temporal_transformer_blocks.0.attn2,0.4403117001056671
up_blocks.1.attentions.1.temporal_transformer_blocks.0.attn2,0.07320760190486908
up_blocks.1.attentions.2.temporal_transformer_blocks.0.attn2,0.22452610731124878
up_blocks.2.attentions.0.temporal_transformer_blocks.0.attn2,0.089452363550663
up_blocks.2.attentions.1.temporal_transformer_blocks.0.attn2,-0.043515294790267944
up_blocks.2.attentions.2.temporal_transformer_blocks.0.attn2,0.11267431825399399
up_blocks.3.attentions.0.temporal_transformer_blocks.0.attn2,0.11051661521196365
up_blocks.3.attentions.1.temporal_transformer_blocks.0.attn2,0.08200620114803314
up_blocks.3.attentions.2.temporal_transformer_blocks.0.attn2,0.02754465863108635
down_blocks.0.attentions.0.temporal_transformer_blocks.0.attn2,-0.00029696946148760617
down_blocks.0.attentions.1.temporal_transformer_blocks.0.attn2,0.11127839982509613
down_blocks.1.attentions.0.temporal_transformer_blocks.0.attn2,-0.029730508103966713
down_blocks.1.attentions.1.temporal_transformer_blocks.0.attn2,-0.13306865096092224
down_blocks.2.attentions.0.temporal_transformer_blocks.0.attn2,0.9777037501335144
down_blocks.2.attentions.1.temporal_transformer_blocks.0.attn2,0.6184459328651428
mid_block.attentions.0.temporal_transformer_blocks.0.attn2,0.13683117926120758
up_blocks.1.attentions.0.temporal_transformer_blocks.0.attn2,0.448779433965683
up_blocks.1.attentions.1.temporal_transformer_blocks.0.attn2,0.07390996068716049
up_blocks.1.attentions.2.temporal_transformer_blocks.0.attn2,0.2231513261795044
up_blocks.2.attentions.0.temporal_transformer_blocks.0.attn2,0.08957982808351517
up_blocks.2.attentions.1.temporal_transformer_blocks.0.attn2,-0.041898466646671295
up_blocks.2.attentions.2.temporal_transformer_blocks.0.attn2,0.11182083934545517
up_blocks.3.attentions.0.temporal_transformer_blocks.0.attn2,0.11037464439868927
up_blocks.3.attentions.1.temporal_transformer_blocks.0.attn2,0.08150223642587662
up_blocks.3.attentions.2.temporal_transformer_blocks.0.attn2,0.027586111798882484
down_blocks.0.attentions.0.temporal_transformer_blocks.0.attn2,-0.0003531070542521775
down_blocks.0.attentions.1.temporal_transformer_blocks.0.attn2,0.11074177175760269
down_blocks.1.attentions.0.temporal_transformer_blocks.0.attn2,-0.02738822065293789
down_blocks.1.attentions.1.temporal_transformer_blocks.0.attn2,-0.13128261268138885
down_blocks.2.attentions.0.temporal_transformer_blocks.0.attn2,0.9710909724235535
down_blocks.2.attentions.1.temporal_transformer_blocks.0.attn2,0.6242459416389465
mid_block.attentions.0.temporal_transformer_blocks.0.attn2,0.14377331733703613
up_blocks.1.attentions.0.temporal_transformer_blocks.0.attn2,0.458428293466568
up_blocks.1.attentions.1.temporal_transformer_blocks.0.attn2,0.07491229474544525
up_blocks.1.attentions.2.temporal_transformer_blocks.0.attn2,0.2218260020017624
up_blocks.2.attentions.0.temporal_transformer_blocks.0.attn2,0.08961407095193863
up_blocks.2.attentions.1.temporal_transformer_blocks.0.attn2,-0.04062071442604065
up_blocks.2.attentions.2.temporal_transformer_blocks.0.attn2,0.11089151352643967
up_blocks.3.attentions.0.temporal_transformer_blocks.0.attn2,0.11008555442094803
up_blocks.3.attentions.1.temporal_transformer_blocks.0.attn2,0.08096376061439514
up_blocks.3.attentions.2.temporal_transformer_blocks.0.attn2,0.02766192890703678
down_blocks.0.attentions.0.temporal_transformer_blocks.0.attn2,-0.00042161840246990323
down_blocks.0.attentions.1.temporal_transformer_blocks.0.attn2,0.11016777902841568
down_blocks.1.attentions.0.temporal_transformer_blocks.0.attn2,-0.02449202910065651
down_blocks.1.attentions.1.temporal_transformer_blocks.0.attn2,-0.12969708442687988
down_blocks.2.attentions.0.temporal_transformer_blocks.0.attn2,0.9585328698158264
down_blocks.2.attentions.1.temporal_transformer_blocks.0.attn2,0.6274507641792297
mid_block.attentions.0.temporal_transformer_blocks.0.attn2,0.15103483200073242
up_blocks.1.attentions.0.temporal_transformer_blocks.0.attn2,0.46972528100013733
up_blocks.1.attentions.1.temporal_transformer_blocks.0.attn2,0.07606906443834305
up_blocks.1.attentions.2.temporal_transformer_blocks.0.attn2,0.22058916091918945
up_blocks.2.attentions.0.temporal_transformer_blocks.0.attn2,0.08954089879989624
up_blocks.2.attentions.1.temporal_transformer_blocks.0.attn2,-0.039701104164123535
up_blocks.2.attentions.2.temporal_transformer_blocks.0.attn2,0.10970120877027512
up_blocks.3.attentions.0.temporal_transformer_blocks.0.attn2,0.10943088680505753
up_blocks.3.attentions.1.temporal_transformer_blocks.0.attn2,0.08034835010766983
up_blocks.3.attentions.2.temporal_transformer_blocks.0.attn2,0.027646826580166817
down_blocks.0.attentions.0.temporal_transformer_blocks.0.attn2,-0.0005085960146971047
down_blocks.0.attentions.1.temporal_transformer_blocks.0.attn2,0.10954393446445465
down_blocks.1.attentions.0.temporal_transformer_blocks.0.attn2,-0.020931895822286606
down_blocks.1.attentions.1.temporal_transformer_blocks.0.attn2,-0.1287541687488556
down_blocks.2.attentions.0.temporal_transformer_blocks.0.attn2,0.9393450021743774
down_blocks.2.attentions.1.temporal_transformer_blocks.0.attn2,0.6269572973251343
mid_block.attentions.0.temporal_transformer_blocks.0.attn2,0.15909330546855927
up_blocks.1.attentions.0.temporal_transformer_blocks.0.attn2,0.48291245102882385
up_blocks.1.attentions.1.temporal_transformer_blocks.0.attn2,0.07682105153799057
up_blocks.1.attentions.2.temporal_transformer_blocks.0.attn2,0.22011053562164307
up_blocks.2.attentions.0.temporal_transformer_blocks.0.attn2,0.08930914849042892
up_blocks.2.attentions.1.temporal_transformer_blocks.0.attn2,-0.03820222616195679
up_blocks.2.attentions.2.temporal_transformer_blocks.0.attn2,0.1079433336853981
up_blocks.3.attentions.0.temporal_transformer_blocks.0.attn2,0.10844118148088455
up_blocks.3.attentions.1.temporal_transformer_blocks.0.attn2,0.0797574520111084
up_blocks.3.attentions.2.temporal_transformer_blocks.0.attn2,0.027391059324145317
down_blocks.0.attentions.0.temporal_transformer_blocks.0.attn2,-0.0006192192086018622
down_blocks.0.attentions.1.temporal_transformer_blocks.0.attn2,0.108843132853508
down_blocks.1.attentions.0.temporal_transformer_blocks.0.attn2,-0.01661888137459755
down_blocks.1.attentions.1.temporal_transformer_blocks.0.attn2,-0.12929485738277435
down_blocks.2.attentions.0.temporal_transformer_blocks.0.attn2,0.9198243618011475
down_blocks.2.attentions.1.temporal_transformer_blocks.0.attn2,0.6249430775642395
mid_block.attentions.0.temporal_transformer_blocks.0.attn2,0.16934897005558014
up_blocks.1.attentions.0.temporal_transformer_blocks.0.attn2,0.4994955360889435
up_blocks.1.attentions.1.temporal_transformer_blocks.0.attn2,0.07481586933135986
up_blocks.1.attentions.2.temporal_transformer_blocks.0.attn2,0.21845310926437378
up_blocks.2.attentions.0.temporal_transformer_blocks.0.attn2,0.08859698474407196
up_blocks.2.attentions.1.temporal_transformer_blocks.0.attn2,-0.03332280367612839
up_blocks.2.attentions.2.temporal_transformer_blocks.0.attn2,0.10596390813589096
up_blocks.3.attentions.0.temporal_transformer_blocks.0.attn2,0.10654885321855545
up_blocks.3.attentions.1.temporal_transformer_blocks.0.attn2,0.07918185740709305
up_blocks.3.attentions.2.temporal_transformer_blocks.0.attn2,0.027390379458665848
down_blocks.0.attentions.0.temporal_transformer_blocks.0.attn2,-0.0007780720479786396
down_blocks.0.attentions.1.temporal_transformer_blocks.0.attn2,0.10800576210021973
down_blocks.1.attentions.0.temporal_transformer_blocks.0.attn2,-0.011671079322695732
down_blocks.1.attentions.1.temporal_transformer_blocks.0.attn2,-0.13168391585350037
down_blocks.2.attentions.0.temporal_transformer_blocks.0.attn2,0.9121103286743164
down_blocks.2.attentions.1.temporal_transformer_blocks.0.attn2,0.6305425763130188
mid_block.attentions.0.temporal_transformer_blocks.0.attn2,0.1799541562795639
up_blocks.1.attentions.0.temporal_transformer_blocks.0.attn2,0.5166845321655273
up_blocks.1.attentions.1.temporal_transformer_blocks.0.attn2,0.07652561366558075
up_blocks.1.attentions.2.temporal_transformer_blocks.0.attn2,0.21914424002170563
up_blocks.2.attentions.0.temporal_transformer_blocks.0.attn2,0.08850808441638947
up_blocks.2.attentions.1.temporal_transformer_blocks.0.attn2,-0.02800769731402397
up_blocks.2.attentions.2.temporal_transformer_blocks.0.attn2,0.10512302070856094
up_blocks.3.attentions.0.temporal_transformer_blocks.0.attn2,0.10508344322443008
up_blocks.3.attentions.1.temporal_transformer_blocks.0.attn2,0.0776909813284874
up_blocks.3.attentions.2.temporal_transformer_blocks.0.attn2,0.026732122525572777
down_blocks.0.attentions.0.temporal_transformer_blocks.0.attn2,-0.0010135204065591097
down_blocks.0.attentions.1.temporal_transformer_blocks.0.attn2,0.10694129019975662
down_blocks.1.attentions.0.temporal_transformer_blocks.0.attn2,-0.0065896413289010525
down_blocks.1.attentions.1.temporal_transformer_blocks.0.attn2,-0.13497966527938843
down_blocks.2.attentions.0.temporal_transformer_blocks.0.attn2,0.9114372134208679
down_blocks.2.attentions.1.temporal_transformer_blocks.0.attn2,0.6417346000671387
mid_block.attentions.0.temporal_transformer_blocks.0.attn2,0.1856973022222519
up_blocks.1.attentions.0.temporal_transformer_blocks.0.attn2,0.531259298324585
up_blocks.1.attentions.1.temporal_transformer_blocks.0.attn2,0.08418398350477219
up_blocks.1.attentions.2.temporal_transformer_blocks.0.attn2,0.22112587094306946
up_blocks.2.attentions.0.temporal_transformer_blocks.0.attn2,0.08920467644929886
up_blocks.2.attentions.1.temporal_transformer_blocks.0.attn2,-0.028610872104763985
up_blocks.2.attentions.2.temporal_transformer_blocks.0.attn2,0.10297120362520218
up_blocks.3.attentions.0.temporal_transformer_blocks.0.attn2,0.09950751811265945
up_blocks.3.attentions.1.temporal_transformer_blocks.0.attn2,0.07404261082410812
up_blocks.3.attentions.2.temporal_transformer_blocks.0.attn2,0.023960314691066742
down_blocks.0.attentions.0.temporal_transformer_blocks.0.attn2,-0.001444963039830327
down_blocks.0.attentions.1.temporal_transformer_blocks.0.attn2,0.10561429709196091
down_blocks.1.attentions.0.temporal_transformer_blocks.0.attn2,-0.002035043202340603
down_blocks.1.attentions.1.temporal_transformer_blocks.0.attn2,-0.1390579789876938
down_blocks.2.attentions.0.temporal_transformer_blocks.0.attn2,0.9048173427581787
down_blocks.2.attentions.1.temporal_transformer_blocks.0.attn2,0.6600271463394165
mid_block.attentions.0.temporal_transformer_blocks.0.attn2,0.1763821542263031
up_blocks.1.attentions.0.temporal_transformer_blocks.0.attn2,0.5498732924461365
up_blocks.1.attentions.1.temporal_transformer_blocks.0.attn2,0.09885465353727341
up_blocks.1.attentions.2.temporal_transformer_blocks.0.attn2,0.2231687754392624
up_blocks.2.attentions.0.temporal_transformer_blocks.0.attn2,0.09127713739871979
up_blocks.2.attentions.1.temporal_transformer_blocks.0.attn2,-0.03022097423672676
up_blocks.2.attentions.2.temporal_transformer_blocks.0.attn2,0.1014847680926323
up_blocks.3.attentions.0.temporal_transformer_blocks.0.attn2,0.0968024879693985
up_blocks.3.attentions.1.temporal_transformer_blocks.0.attn2,0.0722946897149086
up_blocks.3.attentions.2.temporal_transformer_blocks.0.attn2,0.020924413576722145
down_blocks.0.attentions.0.temporal_transformer_blocks.0.attn2,-0.0022279443219304085
down_blocks.0.attentions.1.temporal_transformer_blocks.0.attn2,0.10412578284740448
down_blocks.1.attentions.0.temporal_transformer_blocks.0.attn2,0.001276963041163981
down_blocks.1.attentions.1.temporal_transformer_blocks.0.attn2,-0.14356142282485962
down_blocks.2.attentions.0.temporal_transformer_blocks.0.attn2,0.8871197700500488
down_blocks.2.attentions.1.temporal_transformer_blocks.0.attn2,0.6688677072525024
mid_block.attentions.0.temporal_transformer_blocks.0.attn2,0.16832812130451202
up_blocks.1.attentions.0.temporal_transformer_blocks.0.attn2,0.5777394771575928
up_blocks.1.attentions.1.temporal_transformer_blocks.0.attn2,0.10510725528001785
up_blocks.1.attentions.2.temporal_transformer_blocks.0.attn2,0.22372280061244965
up_blocks.2.attentions.0.temporal_transformer_blocks.0.attn2,0.09504939615726471
up_blocks.2.attentions.1.temporal_transformer_blocks.0.attn2,-0.034370776265859604
up_blocks.2.attentions.2.temporal_transformer_blocks.0.attn2,0.10667162388563156
up_blocks.3.attentions.0.temporal_transformer_blocks.0.attn2,0.09947070479393005
up_blocks.3.attentions.1.temporal_transformer_blocks.0.attn2,0.07049695402383804
up_blocks.3.attentions.2.temporal_transformer_blocks.0.attn2,0.021418696269392967
down_blocks.0.attentions.0.temporal_transformer_blocks.0.attn2,-0.0034320217091590166
down_blocks.0.attentions.1.temporal_transformer_blocks.0.attn2,0.10260391235351562
down_blocks.1.attentions.0.temporal_transformer_blocks.0.attn2,0.003647817065939307
down_blocks.1.attentions.1.temporal_transformer_blocks.0.attn2,-0.1482711285352707
down_blocks.2.attentions.0.temporal_transformer_blocks.0.attn2,0.8652511239051819
down_blocks.2.attentions.1.temporal_transformer_blocks.0.attn2,0.6717026233673096
mid_block.attentions.0.temporal_transformer_blocks.0.attn2,0.17169173061847687
up_blocks.1.attentions.0.temporal_transformer_blocks.0.attn2,0.6050772666931152
up_blocks.1.attentions.1.temporal_transformer_blocks.0.attn2,0.10291381925344467
up_blocks.1.attentions.2.temporal_transformer_blocks.0.attn2,0.22154301404953003
up_blocks.2.attentions.0.temporal_transformer_blocks.0.attn2,0.09585141390562057
up_blocks.2.attentions.1.temporal_transformer_blocks.0.attn2,-0.03604412078857422
up_blocks.2.attentions.2.temporal_transformer_blocks.0.attn2,0.10890708863735199
up_blocks.3.attentions.0.temporal_transformer_blocks.0.attn2,0.10130392760038376
up_blocks.3.attentions.1.temporal_transformer_blocks.0.attn2,0.06797926872968674
up_blocks.3.attentions.2.temporal_transformer_blocks.0.attn2,0.02142208069562912
down_blocks.0.attentions.0.temporal_transformer_blocks.0.attn2,-0.0051918718963861465
down_blocks.0.attentions.1.temporal_transformer_blocks.0.attn2,0.10110791772603989
down_blocks.1.attentions.0.temporal_transformer_blocks.0.attn2,0.006681707687675953
down_blocks.1.attentions.1.temporal_transformer_blocks.0.attn2,-0.15340332686901093
down_blocks.2.attentions.0.temporal_transformer_blocks.0.attn2,0.8538215756416321
down_blocks.2.attentions.1.temporal_transformer_blocks.0.attn2,0.6748437285423279
mid_block.attentions.0.temporal_transformer_blocks.0.attn2,0.17438821494579315
up_blocks.1.attentions.0.temporal_transformer_blocks.0.attn2,0.6361947059631348
up_blocks.1.attentions.1.temporal_transformer_blocks.0.attn2,0.10213034600019455
up_blocks.1.attentions.2.temporal_transformer_blocks.0.attn2,0.2223985642194748
up_blocks.2.attentions.0.temporal_transformer_blocks.0.attn2,0.09772786498069763
up_blocks.2.attentions.1.temporal_transformer_blocks.0.attn2,-0.03630627691745758
up_blocks.2.attentions.2.temporal_transformer_blocks.0.attn2,0.10830297321081161
up_blocks.3.attentions.0.temporal_transformer_blocks.0.attn2,0.10429057478904724
up_blocks.3.attentions.1.temporal_transformer_blocks.0.attn2,0.06634195894002914
up_blocks.3.attentions.2.temporal_transformer_blocks.0.attn2,0.02024521492421627
down_blocks.0.attentions.0.temporal_transformer_blocks.0.attn2,-0.007553558796644211
down_blocks.0.attentions.1.temporal_transformer_blocks.0.attn2,0.09918731451034546
down_blocks.1.attentions.0.temporal_transformer_blocks.0.attn2,0.009768539108335972
down_blocks.1.attentions.1.temporal_transformer_blocks.0.attn2,-0.15884897112846375
down_blocks.2.attentions.0.temporal_transformer_blocks.0.attn2,0.8391043543815613
down_blocks.2.attentions.1.temporal_transformer_blocks.0.attn2,0.6784902215003967
mid_block.attentions.0.temporal_transformer_blocks.0.attn2,0.17056968808174133
up_blocks.1.attentions.0.temporal_transformer_blocks.0.attn2,0.6579460501670837
up_blocks.1.attentions.1.temporal_transformer_blocks.0.attn2,0.08749257773160934
up_blocks.1.attentions.2.temporal_transformer_blocks.0.attn2,0.22271709144115448
up_blocks.2.attentions.0.temporal_transformer_blocks.0.attn2,0.09838267415761948
up_blocks.2.attentions.1.temporal_transformer_blocks.0.attn2,-0.03767680376768112
up_blocks.2.attentions.2.temporal_transformer_blocks.0.attn2,0.10977768898010254
up_blocks.3.attentions.0.temporal_transformer_blocks.0.attn2,0.10848763585090637
up_blocks.3.attentions.1.temporal_transformer_blocks.0.attn2,0.06427314877510071
up_blocks.3.attentions.2.temporal_transformer_blocks.0.attn2,0.019291184842586517
down_blocks.0.attentions.0.temporal_transformer_blocks.0.attn2,-0.009979804046452045
down_blocks.0.attentions.1.temporal_transformer_blocks.0.attn2,0.09471923857927322
down_blocks.1.attentions.0.temporal_transformer_blocks.0.attn2,0.010400250554084778
down_blocks.1.attentions.1.temporal_transformer_blocks.0.attn2,-0.16311286389827728
down_blocks.2.attentions.0.temporal_transformer_blocks.0.attn2,0.8173112869262695
down_blocks.2.attentions.1.temporal_transformer_blocks.0.attn2,0.6874570250511169
mid_block.attentions.0.temporal_transformer_blocks.0.attn2,0.16778337955474854
up_blocks.1.attentions.0.temporal_transformer_blocks.0.attn2,0.6866485476493835
up_blocks.1.attentions.1.temporal_transformer_blocks.0.attn2,0.07369663566350937
up_blocks.1.attentions.2.temporal_transformer_blocks.0.attn2,0.22103539109230042
up_blocks.2.attentions.0.temporal_transformer_blocks.0.attn2,0.09783849120140076
up_blocks.2.attentions.1.temporal_transformer_blocks.0.attn2,-0.034633833914995193
up_blocks.2.attentions.2.temporal_transformer_blocks.0.attn2,0.11249904334545135
up_blocks.3.attentions.0.temporal_transformer_blocks.0.attn2,0.11418038606643677
up_blocks.3.attentions.1.temporal_transformer_blocks.0.attn2,0.062019843608140945
up_blocks.3.attentions.2.temporal_transformer_blocks.0.attn2,0.017622940242290497
down_blocks.0.attentions.0.temporal_transformer_blocks.0.attn2,-0.010852940380573273
down_blocks.0.attentions.1.temporal_transformer_blocks.0.attn2,0.08707541972398758
down_blocks.1.attentions.0.temporal_transformer_blocks.0.attn2,0.009188477881252766
down_blocks.1.attentions.1.temporal_transformer_blocks.0.attn2,-0.16727083921432495
down_blocks.2.attentions.0.temporal_transformer_blocks.0.attn2,0.808128297328949
down_blocks.2.attentions.1.temporal_transformer_blocks.0.attn2,0.6911623477935791
mid_block.attentions.0.temporal_transformer_blocks.0.attn2,0.15786102414131165
up_blocks.1.attentions.0.temporal_transformer_blocks.0.attn2,0.707933247089386
up_blocks.1.attentions.1.temporal_transformer_blocks.0.attn2,0.05895046144723892
up_blocks.1.attentions.2.temporal_transformer_blocks.0.attn2,0.21513479948043823
up_blocks.2.attentions.0.temporal_transformer_blocks.0.attn2,0.09670895338058472
up_blocks.2.attentions.1.temporal_transformer_blocks.0.attn2,-0.03330010548233986
up_blocks.2.attentions.2.temporal_transformer_blocks.0.attn2,0.11817757785320282
up_blocks.3.attentions.0.temporal_transformer_blocks.0.attn2,0.11741869896650314
up_blocks.3.attentions.1.temporal_transformer_blocks.0.attn2,0.05841302126646042
up_blocks.3.attentions.2.temporal_transformer_blocks.0.attn2,0.016538145020604134
down_blocks.0.attentions.0.temporal_transformer_blocks.0.attn2,-0.009626972489058971
down_blocks.0.attentions.1.temporal_transformer_blocks.0.attn2,0.07921899110078812
down_blocks.1.attentions.0.temporal_transformer_blocks.0.attn2,0.010358182713389397
down_blocks.1.attentions.1.temporal_transformer_blocks.0.attn2,-0.17315171658992767
down_blocks.2.attentions.0.temporal_transformer_blocks.0.attn2,0.8087196350097656
down_blocks.2.attentions.1.temporal_transformer_blocks.0.attn2,0.6891488432884216
mid_block.attentions.0.temporal_transformer_blocks.0.attn2,0.14817969501018524
up_blocks.1.attentions.0.temporal_transformer_blocks.0.attn2,0.7359643578529358
up_blocks.1.attentions.1.temporal_transformer_blocks.0.attn2,0.04105042666196823
up_blocks.1.attentions.2.temporal_transformer_blocks.0.attn2,0.20905573666095734
up_blocks.2.attentions.0.temporal_transformer_blocks.0.attn2,0.09423555433750153
up_blocks.2.attentions.1.temporal_transformer_blocks.0.attn2,-0.03720308095216751
up_blocks.2.attentions.2.temporal_transformer_blocks.0.attn2,0.1251160204410553
up_blocks.3.attentions.0.temporal_transformer_blocks.0.attn2,0.11881045252084732
up_blocks.3.attentions.1.temporal_transformer_blocks.0.attn2,0.05627064406871796
up_blocks.3.attentions.2.temporal_transformer_blocks.0.attn2,0.015260415151715279
down_blocks.0.attentions.0.temporal_transformer_blocks.0.attn2,-0.007416747510433197
down_blocks.0.attentions.1.temporal_transformer_blocks.0.attn2,0.07065314054489136
down_blocks.1.attentions.0.temporal_transformer_blocks.0.attn2,0.011550983414053917
down_blocks.1.attentions.1.temporal_transformer_blocks.0.attn2,-0.1784040331840515
down_blocks.2.attentions.0.temporal_transformer_blocks.0.attn2,0.8192660212516785
down_blocks.2.attentions.1.temporal_transformer_blocks.0.attn2,0.6775680780410767
mid_block.attentions.0.temporal_transformer_blocks.0.attn2,0.13000164926052094
up_blocks.1.attentions.0.temporal_transformer_blocks.0.attn2,0.753832995891571
up_blocks.1.attentions.1.temporal_transformer_blocks.0.attn2,0.020181719213724136
up_blocks.1.attentions.2.temporal_transformer_blocks.0.attn2,0.20364658534526825
up_blocks.2.attentions.0.temporal_transformer_blocks.0.attn2,0.09158597886562347
up_blocks.2.attentions.1.temporal_transformer_blocks.0.attn2,-0.043215639889240265
up_blocks.2.attentions.2.temporal_transformer_blocks.0.attn2,0.13145913183689117
up_blocks.3.attentions.0.temporal_transformer_blocks.0.attn2,0.11887457221746445
up_blocks.3.attentions.1.temporal_transformer_blocks.0.attn2,0.05483822897076607
up_blocks.3.attentions.2.temporal_transformer_blocks.0.attn2,0.013267767615616322
down_blocks.0.attentions.0.temporal_transformer_blocks.0.attn2,-0.0008672669064253569
down_blocks.0.attentions.1.temporal_transformer_blocks.0.attn2,0.06149578094482422
down_blocks.1.attentions.0.temporal_transformer_blocks.0.attn2,0.013754361309111118
down_blocks.1.attentions.1.temporal_transformer_blocks.0.attn2,-0.18288275599479675
down_blocks.2.attentions.0.temporal_transformer_blocks.0.attn2,0.8247305750846863
down_blocks.2.attentions.1.temporal_transformer_blocks.0.attn2,0.6744575500488281
mid_block.attentions.0.temporal_transformer_blocks.0.attn2,0.10682925581932068
up_blocks.1.attentions.0.temporal_transformer_blocks.0.attn2,0.7643449306488037
up_blocks.1.attentions.1.temporal_transformer_blocks.0.attn2,0.002484577940776944
up_blocks.1.attentions.2.temporal_transformer_blocks.0.attn2,0.1968850940465927
up_blocks.2.attentions.0.temporal_transformer_blocks.0.attn2,0.08962420374155045
up_blocks.2.attentions.1.temporal_transformer_blocks.0.attn2,-0.050557691603899
up_blocks.2.attentions.2.temporal_transformer_blocks.0.attn2,0.1350633054971695
up_blocks.3.attentions.0.temporal_transformer_blocks.0.attn2,0.11801423132419586
up_blocks.3.attentions.1.temporal_transformer_blocks.0.attn2,0.05426253750920296
up_blocks.3.attentions.2.temporal_transformer_blocks.0.attn2,0.010051148012280464
down_blocks.0.attentions.0.temporal_transformer_blocks.0.attn2,0.004872271791100502
down_blocks.0.attentions.1.temporal_transformer_blocks.0.attn2,0.05252247303724289
down_blocks.1.attentions.0.temporal_transformer_blocks.0.attn2,0.01927870512008667
down_blocks.1.attentions.1.temporal_transformer_blocks.0.attn2,-0.18492460250854492
down_blocks.2.attentions.0.temporal_transformer_blocks.0.attn2,0.8215460777282715
down_blocks.2.attentions.1.temporal_transformer_blocks.0.attn2,0.6795878410339355
mid_block.attentions.0.temporal_transformer_blocks.0.attn2,0.08443456143140793
up_blocks.1.attentions.0.temporal_transformer_blocks.0.attn2,0.7737941145896912
up_blocks.1.attentions.1.temporal_transformer_blocks.0.attn2,-0.009699923917651176
up_blocks.1.attentions.2.temporal_transformer_blocks.0.attn2,0.18948359787464142
up_blocks.2.attentions.0.temporal_transformer_blocks.0.attn2,0.08840937167406082
up_blocks.2.attentions.1.temporal_transformer_blocks.0.attn2,-0.05854659900069237
up_blocks.2.attentions.2.temporal_transformer_blocks.0.attn2,0.13852344453334808
up_blocks.3.attentions.0.temporal_transformer_blocks.0.attn2,0.11575958132743835
up_blocks.3.attentions.1.temporal_transformer_blocks.0.attn2,0.054987333714962006
up_blocks.3.attentions.2.temporal_transformer_blocks.0.attn2,0.0059575531631708145
down_blocks.0.attentions.0.temporal_transformer_blocks.0.attn2,0.007121299859136343
down_blocks.0.attentions.1.temporal_transformer_blocks.0.attn2,0.044529739767313004
down_blocks.1.attentions.0.temporal_transformer_blocks.0.attn2,0.028108827769756317
down_blocks.1.attentions.1.temporal_transformer_blocks.0.attn2,-0.18510469794273376
down_blocks.2.attentions.0.temporal_transformer_blocks.0.attn2,0.8162991404533386
down_blocks.2.attentions.1.temporal_transformer_blocks.0.attn2,0.6816968321800232
mid_block.attentions.0.temporal_transformer_blocks.0.attn2,0.07113130390644073
up_blocks.1.attentions.0.temporal_transformer_blocks.0.attn2,0.7862456440925598
up_blocks.1.attentions.1.temporal_transformer_blocks.0.attn2,-0.017156600952148438
up_blocks.1.attentions.2.temporal_transformer_blocks.0.attn2,0.18085545301437378
up_blocks.2.attentions.0.temporal_transformer_blocks.0.attn2,0.08822271227836609
up_blocks.2.attentions.1.temporal_transformer_blocks.0.attn2,-0.06550788879394531
up_blocks.2.attentions.2.temporal_transformer_blocks.0.attn2,0.14235267043113708
up_blocks.3.attentions.0.temporal_transformer_blocks.0.attn2,0.11422683298587799
up_blocks.3.attentions.1.temporal_transformer_blocks.0.attn2,0.056720711290836334
up_blocks.3.attentions.2.temporal_transformer_blocks.0.attn2,0.001578506431542337
down_blocks.0.attentions.0.temporal_transformer_blocks.0.attn2,0.008599301800131798
down_blocks.0.attentions.1.temporal_transformer_blocks.0.attn2,0.03824872523546219
down_blocks.1.attentions.0.temporal_transformer_blocks.0.attn2,0.03735622763633728
down_blocks.1.attentions.1.temporal_transformer_blocks.0.attn2,-0.18198512494564056
down_blocks.2.attentions.0.temporal_transformer_blocks.0.attn2,0.8143446445465088
down_blocks.2.attentions.1.temporal_transformer_blocks.0.attn2,0.6780449748039246
mid_block.attentions.0.temporal_transformer_blocks.0.attn2,0.06455796211957932
up_blocks.1.attentions.0.temporal_transformer_blocks.0.attn2,0.7990741729736328
up_blocks.1.attentions.1.temporal_transformer_blocks.0.attn2,-0.019735654816031456
up_blocks.1.attentions.2.temporal_transformer_blocks.0.attn2,0.1720893681049347
up_blocks.2.attentions.0.temporal_transformer_blocks.0.attn2,0.08951417356729507
up_blocks.2.attentions.1.temporal_transformer_blocks.0.attn2,-0.07085447758436203
up_blocks.2.attentions.2.temporal_transformer_blocks.0.attn2,0.14624318480491638
up_blocks.3.attentions.0.temporal_transformer_blocks.0.attn2,0.11294139176607132
up_blocks.3.attentions.1.temporal_transformer_blocks.0.attn2,0.058638766407966614
up_blocks.3.attentions.2.temporal_transformer_blocks.0.attn2,-0.0033785842824727297
down_blocks.0.attentions.0.temporal_transformer_blocks.0.attn2,0.010037963278591633
down_blocks.0.attentions.1.temporal_transformer_blocks.0.attn2,0.03283276781439781
down_blocks.1.attentions.0.temporal_transformer_blocks.0.attn2,0.04524771869182587
down_blocks.1.attentions.1.temporal_transformer_blocks.0.attn2,-0.17454840242862701
down_blocks.2.attentions.0.temporal_transformer_blocks.0.attn2,0.8063706755638123
down_blocks.2.attentions.1.temporal_transformer_blocks.0.attn2,0.6726635694503784
mid_block.attentions.0.temporal_transformer_blocks.0.attn2,0.06344529986381531
up_blocks.1.attentions.0.temporal_transformer_blocks.0.attn2,0.8099030256271362
up_blocks.1.attentions.1.temporal_transformer_blocks.0.attn2,-0.0154329938814044
up_blocks.1.attentions.2.temporal_transformer_blocks.0.attn2,0.16526487469673157
up_blocks.2.attentions.0.temporal_transformer_blocks.0.attn2,0.09166934341192245
up_blocks.2.attentions.1.temporal_transformer_blocks.0.attn2,-0.07501048594713211
up_blocks.2.attentions.2.temporal_transformer_blocks.0.attn2,0.1488049030303955
up_blocks.3.attentions.0.temporal_transformer_blocks.0.attn2,0.11178026348352432
up_blocks.3.attentions.1.temporal_transformer_blocks.0.attn2,0.06003815680742264
up_blocks.3.attentions.2.temporal_transformer_blocks.0.attn2,-0.008511667139828205
down_blocks.0.attentions.0.temporal_transformer_blocks.0.attn2,0.011616977863013744
down_blocks.0.attentions.1.temporal_transformer_blocks.0.attn2,0.02670050412416458
down_blocks.1.attentions.0.temporal_transformer_blocks.0.attn2,0.05113375559449196
down_blocks.1.attentions.1.temporal_transformer_blocks.0.attn2,-0.16308148205280304
down_blocks.2.attentions.0.temporal_transformer_blocks.0.attn2,0.7822474837303162
down_blocks.2.attentions.1.temporal_transformer_blocks.0.attn2,0.6691210865974426
mid_block.attentions.0.temporal_transformer_blocks.0.attn2,0.06571585685014725
up_blocks.1.attentions.0.temporal_transformer_blocks.0.attn2,0.8166272044181824
up_blocks.1.attentions.1.temporal_transformer_blocks.0.attn2,-0.007858453318476677
up_blocks.1.attentions.2.temporal_transformer_blocks.0.attn2,0.16134068369865417
up_blocks.2.attentions.0.temporal_transformer_blocks.0.attn2,0.09345049411058426
up_blocks.2.attentions.1.temporal_transformer_blocks.0.attn2,-0.07897535711526871
up_blocks.2.attentions.2.temporal_transformer_blocks.0.attn2,0.14911603927612305
up_blocks.3.attentions.0.temporal_transformer_blocks.0.attn2,0.11072653532028198
up_blocks.3.attentions.1.temporal_transformer_blocks.0.attn2,0.06078505888581276
up_blocks.3.attentions.2.temporal_transformer_blocks.0.attn2,-0.013178967870771885
down_blocks.0.attentions.0.temporal_transformer_blocks.0.attn2,0.013039682991802692
down_blocks.0.attentions.1.temporal_transformer_blocks.0.attn2,0.019416598603129387
down_blocks.1.attentions.0.temporal_transformer_blocks.0.attn2,0.055428870022296906
down_blocks.1.attentions.1.temporal_transformer_blocks.0.attn2,-0.14965346455574036
down_blocks.2.attentions.0.temporal_transformer_blocks.0.attn2,0.7288124561309814
down_blocks.2.attentions.1.temporal_transformer_blocks.0.attn2,0.6623081564903259
mid_block.attentions.0.temporal_transformer_blocks.0.attn2,0.06980078667402267
up_blocks.1.attentions.0.temporal_transformer_blocks.0.attn2,0.8180329203605652
up_blocks.1.attentions.1.temporal_transformer_blocks.0.attn2,0.0010976252378895879
up_blocks.1.attentions.2.temporal_transformer_blocks.0.attn2,0.16053903102874756
up_blocks.2.attentions.0.temporal_transformer_blocks.0.attn2,0.09395851194858551
up_blocks.2.attentions.1.temporal_transformer_blocks.0.attn2,-0.08521285653114319
up_blocks.2.attentions.2.temporal_transformer_blocks.0.attn2,0.14792534708976746
up_blocks.3.attentions.0.temporal_transformer_blocks.0.attn2,0.10865558683872223
up_blocks.3.attentions.1.temporal_transformer_blocks.0.attn2,0.06199724227190018
up_blocks.3.attentions.2.temporal_transformer_blocks.0.attn2,-0.017625369131565094
down_blocks.0.attentions.0.temporal_transformer_blocks.0.attn2,0.014066779054701328
down_blocks.0.attentions.1.temporal_transformer_blocks.0.attn2,0.010268153622746468
down_blocks.1.attentions.0.temporal_transformer_blocks.0.attn2,0.06070994213223457
down_blocks.1.attentions.1.temporal_transformer_blocks.0.attn2,-0.1369597315788269
down_blocks.2.attentions.0.temporal_transformer_blocks.0.attn2,0.6527254581451416
down_blocks.2.attentions.1.temporal_transformer_blocks.0.attn2,0.6531758308410645
mid_block.attentions.0.temporal_transformer_blocks.0.attn2,0.0782083198428154
up_blocks.1.attentions.0.temporal_transformer_blocks.0.attn2,0.8174525499343872
up_blocks.1.attentions.1.temporal_transformer_blocks.0.attn2,0.01275238860398531
up_blocks.1.attentions.2.temporal_transformer_blocks.0.attn2,0.16447170078754425
up_blocks.2.attentions.0.temporal_transformer_blocks.0.attn2,0.09323716163635254
up_blocks.2.attentions.1.temporal_transformer_blocks.0.attn2,-0.09458668529987335
up_blocks.2.attentions.2.temporal_transformer_blocks.0.attn2,0.14643099904060364
up_blocks.3.attentions.0.temporal_transformer_blocks.0.attn2,0.10487538576126099
up_blocks.3.attentions.1.temporal_transformer_blocks.0.attn2,0.06458815187215805
up_blocks.3.attentions.2.temporal_transformer_blocks.0.attn2,-0.02161652408540249
