module_name,FirstFrame_sim,EndFrame_sim
down_blocks.0.attentions.0.temporal_transformer_blocks.0.attn2,0.1312635987997055,0.003235504264011979
down_blocks.0.attentions.1.temporal_transformer_blocks.0.attn2,0.2347174882888794,0.11596812307834625
down_blocks.1.attentions.0.temporal_transformer_blocks.0.attn2,-0.06194739043712616,-0.024549350142478943
down_blocks.1.attentions.1.temporal_transformer_blocks.0.attn2,0.07855517417192459,-0.14986258745193481
down_blocks.2.attentions.0.temporal_transformer_blocks.0.attn2,0.7324841022491455,0.8883631825447083
down_blocks.0.attentions.0.temporal_transformer_blocks.0.attn2,0.12842869758605957,0.00303987436927855
down_blocks.2.attentions.1.temporal_transformer_blocks.0.attn2,0.43023228645324707,0.6039233207702637
down_blocks.0.attentions.1.temporal_transformer_blocks.0.attn2,0.24042950570583344,0.11785472929477692
down_blocks.1.attentions.0.temporal_transformer_blocks.0.attn2,-0.07036406546831131,-0.032739754766225815
down_blocks.1.attentions.1.temporal_transformer_blocks.0.attn2,0.08207999914884567,-0.14998212456703186
mid_block.attentions.0.temporal_transformer_blocks.0.attn2,-0.047430191189050674,0.10063432902097702
down_blocks.2.attentions.0.temporal_transformer_blocks.0.attn2,0.7570750713348389,0.9059346914291382
up_blocks.1.attentions.0.temporal_transformer_blocks.0.attn2,0.2852622866630554,0.4034583270549774
down_blocks.2.attentions.1.temporal_transformer_blocks.0.attn2,0.387069970369339,0.5716408491134644
up_blocks.1.attentions.1.temporal_transformer_blocks.0.attn2,0.014985691756010056,0.04772120341658592
up_blocks.1.attentions.2.temporal_transformer_blocks.0.attn2,0.2885313928127289,0.24960064888000488
up_blocks.2.attentions.0.temporal_transformer_blocks.0.attn2,0.1855023205280304,0.0994926244020462
up_blocks.2.attentions.1.temporal_transformer_blocks.0.attn2,0.04006511718034744,-0.06312596052885056
mid_block.attentions.0.temporal_transformer_blocks.0.attn2,-0.05971433222293854,0.08888644725084305
up_blocks.2.attentions.2.temporal_transformer_blocks.0.attn2,0.1703588217496872,0.1279648393392563
up_blocks.1.attentions.0.temporal_transformer_blocks.0.attn2,0.28173205256462097,0.401846706867218
up_blocks.1.attentions.1.temporal_transformer_blocks.0.attn2,0.015307220630347729,0.05230780318379402
up_blocks.1.attentions.2.temporal_transformer_blocks.0.attn2,0.2880414128303528,0.25070470571517944
up_blocks.2.attentions.0.temporal_transformer_blocks.0.attn2,0.18879880011081696,0.10156898200511932
up_blocks.3.attentions.0.temporal_transformer_blocks.0.attn2,0.27635321021080017,0.12264235317707062
up_blocks.2.attentions.1.temporal_transformer_blocks.0.attn2,0.05934874340891838,-0.05783431977033615
up_blocks.2.attentions.2.temporal_transformer_blocks.0.attn2,0.1739218384027481,0.12947595119476318
up_blocks.3.attentions.1.temporal_transformer_blocks.0.attn2,0.2033969759941101,0.09123557806015015
up_blocks.3.attentions.2.temporal_transformer_blocks.0.attn2,0.08871439844369888,0.028488242998719215
up_blocks.3.attentions.0.temporal_transformer_blocks.0.attn2,0.2803611159324646,0.12606509029865265
down_blocks.0.attentions.0.temporal_transformer_blocks.0.attn2,0.13122159242630005,0.003404527436941862
down_blocks.0.attentions.1.temporal_transformer_blocks.0.attn2,0.23425310850143433,0.1158423200249672
up_blocks.3.attentions.1.temporal_transformer_blocks.0.attn2,0.2029651701450348,0.09313300251960754
down_blocks.1.attentions.0.temporal_transformer_blocks.0.attn2,-0.059748489409685135,-0.023846322670578957
up_blocks.3.attentions.2.temporal_transformer_blocks.0.attn2,0.09073227643966675,0.028610041365027428
down_blocks.1.attentions.1.temporal_transformer_blocks.0.attn2,0.07871150225400925,-0.14880219101905823
down_blocks.2.attentions.0.temporal_transformer_blocks.0.attn2,0.7411786913871765,0.8893210291862488
down_blocks.2.attentions.1.temporal_transformer_blocks.0.attn2,0.44133126735687256,0.6110587120056152
mid_block.attentions.0.temporal_transformer_blocks.0.attn2,-0.03566805273294449,0.10380005836486816
up_blocks.1.attentions.0.temporal_transformer_blocks.0.attn2,0.2943321764469147,0.4089166224002838
up_blocks.1.attentions.1.temporal_transformer_blocks.0.attn2,0.018201570957899094,0.04680536314845085
up_blocks.1.attentions.2.temporal_transformer_blocks.0.attn2,0.28967320919036865,0.24936555325984955
up_blocks.2.attentions.0.temporal_transformer_blocks.0.attn2,0.1855209767818451,0.10016462206840515
up_blocks.2.attentions.1.temporal_transformer_blocks.0.attn2,0.040845975279808044,-0.061866845935583115
up_blocks.2.attentions.2.temporal_transformer_blocks.0.attn2,0.16913865506649017,0.12684696912765503
up_blocks.3.attentions.0.temporal_transformer_blocks.0.attn2,0.27642014622688293,0.12306821346282959
down_blocks.0.attentions.0.temporal_transformer_blocks.0.attn2,0.12828922271728516,0.0030854654032737017
down_blocks.0.attentions.1.temporal_transformer_blocks.0.attn2,0.24001161754131317,0.11772799491882324
down_blocks.1.attentions.0.temporal_transformer_blocks.0.attn2,-0.06801609694957733,-0.03182167187333107
down_blocks.1.attentions.1.temporal_transformer_blocks.0.attn2,0.08227607607841492,-0.14886680245399475
down_blocks.2.attentions.0.temporal_transformer_blocks.0.attn2,0.7636318206787109,0.9053866267204285
down_blocks.2.attentions.1.temporal_transformer_blocks.0.attn2,0.39382830262184143,0.576187789440155
mid_block.attentions.0.temporal_transformer_blocks.0.attn2,-0.050914373248815536,0.09123054146766663
up_blocks.1.attentions.0.temporal_transformer_blocks.0.attn2,0.29247525334358215,0.40806230902671814
up_blocks.3.attentions.1.temporal_transformer_blocks.0.attn2,0.2027333527803421,0.09117110818624496
up_blocks.1.attentions.1.temporal_transformer_blocks.0.attn2,0.01788676343858242,0.05117793008685112
up_blocks.3.attentions.2.temporal_transformer_blocks.0.attn2,0.08883678168058395,0.028514808043837547
up_blocks.1.attentions.2.temporal_transformer_blocks.0.attn2,0.28920745849609375,0.2502194344997406
up_blocks.2.attentions.0.temporal_transformer_blocks.0.attn2,0.18914827704429626,0.10240759700536728
up_blocks.2.attentions.1.temporal_transformer_blocks.0.attn2,0.06199070066213608,-0.05556139349937439
up_blocks.2.attentions.2.temporal_transformer_blocks.0.attn2,0.17286697030067444,0.12833808362483978
down_blocks.0.attentions.0.temporal_transformer_blocks.0.attn2,0.13116420805454254,0.0035698004066944122
down_blocks.0.attentions.1.temporal_transformer_blocks.0.attn2,0.23376521468162537,0.11570874601602554
up_blocks.3.attentions.0.temporal_transformer_blocks.0.attn2,0.2796838879585266,0.1263326108455658
down_blocks.1.attentions.0.temporal_transformer_blocks.0.attn2,-0.05727541819214821,-0.02299654297530651
down_blocks.1.attentions.1.temporal_transformer_blocks.0.attn2,0.07890862226486206,-0.1475951075553894
up_blocks.3.attentions.1.temporal_transformer_blocks.0.attn2,0.20220676064491272,0.09305258840322495
down_blocks.2.attentions.0.temporal_transformer_blocks.0.attn2,0.7515038847923279,0.890654981136322
up_blocks.3.attentions.2.temporal_transformer_blocks.0.attn2,0.09087710827589035,0.028610654175281525
down_blocks.2.attentions.1.temporal_transformer_blocks.0.attn2,0.4533674716949463,0.6184261441230774
mid_block.attentions.0.temporal_transformer_blocks.0.attn2,-0.022157756611704826,0.10745872557163239
up_blocks.1.attentions.0.temporal_transformer_blocks.0.attn2,0.30423322319984436,0.4148012101650238
up_blocks.1.attentions.1.temporal_transformer_blocks.0.attn2,0.02224295772612095,0.04620536044239998
up_blocks.1.attentions.2.temporal_transformer_blocks.0.attn2,0.291002094745636,0.24919363856315613
up_blocks.2.attentions.0.temporal_transformer_blocks.0.attn2,0.18569226562976837,0.1010034829378128
down_blocks.0.attentions.0.temporal_transformer_blocks.0.attn2,0.12812326848506927,0.003109367098659277
up_blocks.2.attentions.1.temporal_transformer_blocks.0.attn2,0.041535623371601105,-0.06067724898457527
down_blocks.0.attentions.1.temporal_transformer_blocks.0.attn2,0.23953194916248322,0.11757680773735046
up_blocks.2.attentions.2.temporal_transformer_blocks.0.attn2,0.1680556833744049,0.12569841742515564
down_blocks.1.attentions.0.temporal_transformer_blocks.0.attn2,-0.06537319719791412,-0.03072655200958252
down_blocks.1.attentions.1.temporal_transformer_blocks.0.attn2,0.08248049020767212,-0.14762738347053528
up_blocks.3.attentions.0.temporal_transformer_blocks.0.attn2,0.2764163911342621,0.12359948456287384
down_blocks.2.attentions.0.temporal_transformer_blocks.0.attn2,0.7717012763023376,0.9051975011825562
up_blocks.3.attentions.1.temporal_transformer_blocks.0.attn2,0.20181259512901306,0.09095154702663422
down_blocks.2.attentions.1.temporal_transformer_blocks.0.attn2,0.401652991771698,0.5811383128166199
mid_block.attentions.0.temporal_transformer_blocks.0.attn2,-0.04061092808842659,0.0940898135304451
up_blocks.3.attentions.2.temporal_transformer_blocks.0.attn2,0.0889923945069313,0.028577787801623344
up_blocks.1.attentions.0.temporal_transformer_blocks.0.attn2,0.30453550815582275,0.41503793001174927
up_blocks.1.attentions.1.temporal_transformer_blocks.0.attn2,0.021075937896966934,0.050120916217565536
up_blocks.1.attentions.2.temporal_transformer_blocks.0.attn2,0.2904861271381378,0.24963632225990295
up_blocks.2.attentions.0.temporal_transformer_blocks.0.attn2,0.1894519031047821,0.1032518744468689
up_blocks.2.attentions.1.temporal_transformer_blocks.0.attn2,0.0647144466638565,-0.053267620503902435
down_blocks.0.attentions.0.temporal_transformer_blocks.0.attn2,0.1310991793870926,0.003735776524990797
up_blocks.2.attentions.2.temporal_transformer_blocks.0.attn2,0.17189161479473114,0.12712618708610535
down_blocks.0.attentions.1.temporal_transformer_blocks.0.attn2,0.23322980105876923,0.11555012315511703
up_blocks.3.attentions.0.temporal_transformer_blocks.0.attn2,0.27909567952156067,0.1267337203025818
down_blocks.1.attentions.0.temporal_transformer_blocks.0.attn2,-0.05450978875160217,-0.02195998653769493
up_blocks.3.attentions.1.temporal_transformer_blocks.0.attn2,0.20134399831295013,0.09291885048151016
down_blocks.1.attentions.1.temporal_transformer_blocks.0.attn2,0.07915408164262772,-0.14623725414276123
down_blocks.2.attentions.0.temporal_transformer_blocks.0.attn2,0.763588011264801,0.8922663331031799
up_blocks.3.attentions.2.temporal_transformer_blocks.0.attn2,0.09099166095256805,0.028589490801095963
down_blocks.2.attentions.1.temporal_transformer_blocks.0.attn2,0.46613767743110657,0.6257442235946655
mid_block.attentions.0.temporal_transformer_blocks.0.attn2,-0.0067981393076479435,0.11166704446077347
up_blocks.1.attentions.0.temporal_transformer_blocks.0.attn2,0.31497663259506226,0.4211350679397583
up_blocks.1.attentions.1.temporal_transformer_blocks.0.attn2,0.027163870632648468,0.04591626301407814
up_blocks.1.attentions.2.temporal_transformer_blocks.0.attn2,0.29245010018348694,0.24899211525917053
down_blocks.0.attentions.0.temporal_transformer_blocks.0.attn2,0.12793222069740295,0.0031069526448845863
up_blocks.2.attentions.0.temporal_transformer_blocks.0.attn2,0.18602240085601807,0.10200414061546326
up_blocks.2.attentions.1.temporal_transformer_blocks.0.attn2,0.04247182980179787,-0.05949333682656288
down_blocks.0.attentions.1.temporal_transformer_blocks.0.attn2,0.23897723853588104,0.11739443242549896
up_blocks.2.attentions.2.temporal_transformer_blocks.0.attn2,0.16737115383148193,0.124696284532547
down_blocks.1.attentions.0.temporal_transformer_blocks.0.attn2,-0.062412042170763016,-0.029409656301140785
down_blocks.1.attentions.1.temporal_transformer_blocks.0.attn2,0.0826873779296875,-0.1462680697441101
up_blocks.3.attentions.0.temporal_transformer_blocks.0.attn2,0.2759729325771332,0.12407402694225311
down_blocks.2.attentions.0.temporal_transformer_blocks.0.attn2,0.7815035581588745,0.9052998423576355
up_blocks.3.attentions.1.temporal_transformer_blocks.0.attn2,0.20086894929409027,0.09082827717065811
down_blocks.2.attentions.1.temporal_transformer_blocks.0.attn2,0.4107387065887451,0.586494505405426
mid_block.attentions.0.temporal_transformer_blocks.0.attn2,-0.02856666035950184,0.09755822271108627
up_blocks.3.attentions.2.temporal_transformer_blocks.0.attn2,0.0892154797911644,0.02873072773218155
up_blocks.1.attentions.0.temporal_transformer_blocks.0.attn2,0.31803256273269653,0.422933429479599
up_blocks.1.attentions.1.temporal_transformer_blocks.0.attn2,0.025082223117351532,0.049207065254449844
up_blocks.1.attentions.2.temporal_transformer_blocks.0.attn2,0.29178282618522644,0.24872854351997375
up_blocks.2.attentions.0.temporal_transformer_blocks.0.attn2,0.18973124027252197,0.1041003093123436
up_blocks.2.attentions.1.temporal_transformer_blocks.0.attn2,0.0674009919166565,-0.0511200875043869
down_blocks.0.attentions.0.temporal_transformer_blocks.0.attn2,0.13099633157253265,0.0038757610600441694
up_blocks.2.attentions.2.temporal_transformer_blocks.0.attn2,0.17102980613708496,0.1258690059185028
down_blocks.0.attentions.1.temporal_transformer_blocks.0.attn2,0.2326628714799881,0.1153751015663147
up_blocks.3.attentions.0.temporal_transformer_blocks.0.attn2,0.2787117063999176,0.12723985314369202
down_blocks.1.attentions.0.temporal_transformer_blocks.0.attn2,-0.05144321918487549,-0.02068462409079075
up_blocks.3.attentions.1.temporal_transformer_blocks.0.attn2,0.20049333572387695,0.0927928239107132
down_blocks.1.attentions.1.temporal_transformer_blocks.0.attn2,0.07944799959659576,-0.14473959803581238
down_blocks.2.attentions.0.temporal_transformer_blocks.0.attn2,0.7774722576141357,0.8938868045806885
up_blocks.3.attentions.2.temporal_transformer_blocks.0.attn2,0.09116487950086594,0.028708256781101227
down_blocks.2.attentions.1.temporal_transformer_blocks.0.attn2,0.47925350069999695,0.6326113343238831
mid_block.attentions.0.temporal_transformer_blocks.0.attn2,0.010501768440008163,0.11644817888736725
up_blocks.1.attentions.0.temporal_transformer_blocks.0.attn2,0.3265177607536316,0.42790931463241577
up_blocks.1.attentions.1.temporal_transformer_blocks.0.attn2,0.03280195593833923,0.045685648918151855
up_blocks.1.attentions.2.temporal_transformer_blocks.0.attn2,0.2939862310886383,0.24859774112701416
down_blocks.0.attentions.0.temporal_transformer_blocks.0.attn2,0.12771272659301758,0.0030770080629736185
up_blocks.2.attentions.0.temporal_transformer_blocks.0.attn2,0.1865491420030594,0.10313493758440018
down_blocks.0.attentions.1.temporal_transformer_blocks.0.attn2,0.23834045231342316,0.1171698197722435
up_blocks.2.attentions.1.temporal_transformer_blocks.0.attn2,0.043700527399778366,-0.05818580463528633
down_blocks.1.attentions.0.temporal_transformer_blocks.0.attn2,-0.05913766101002693,-0.027834191918373108
up_blocks.2.attentions.2.temporal_transformer_blocks.0.attn2,0.16716894507408142,0.12403858453035355
down_blocks.1.attentions.1.temporal_transformer_blocks.0.attn2,0.08287876099348068,-0.14481976628303528
up_blocks.3.attentions.0.temporal_transformer_blocks.0.attn2,0.276035875082016,0.12502440810203552
down_blocks.2.attentions.0.temporal_transformer_blocks.0.attn2,0.793117344379425,0.9054784774780273
down_blocks.2.attentions.1.temporal_transformer_blocks.0.attn2,0.4213438928127289,0.5922152400016785
up_blocks.3.attentions.1.temporal_transformer_blocks.0.attn2,0.19984178245067596,0.09074747562408447
mid_block.attentions.0.temporal_transformer_blocks.0.attn2,-0.01455585565418005,0.10171090066432953
up_blocks.3.attentions.2.temporal_transformer_blocks.0.attn2,0.08955880999565125,0.028959717601537704
up_blocks.1.attentions.0.temporal_transformer_blocks.0.attn2,0.3332311511039734,0.43208739161491394
up_blocks.1.attentions.1.temporal_transformer_blocks.0.attn2,0.029991405084729195,0.04835044965147972
up_blocks.1.attentions.2.temporal_transformer_blocks.0.attn2,0.293119341135025,0.2475682646036148
up_blocks.2.attentions.0.temporal_transformer_blocks.0.attn2,0.19008861482143402,0.10489699989557266
up_blocks.2.attentions.1.temporal_transformer_blocks.0.attn2,0.07007111608982086,-0.04900789633393288
down_blocks.0.attentions.0.temporal_transformer_blocks.0.attn2,0.13086752593517303,0.004004625603556633
up_blocks.2.attentions.2.temporal_transformer_blocks.0.attn2,0.17035160958766937,0.12457176297903061
down_blocks.0.attentions.1.temporal_transformer_blocks.0.attn2,0.23201267421245575,0.11514730006456375
up_blocks.3.attentions.0.temporal_transformer_blocks.0.attn2,0.27811211347579956,0.12780268490314484
down_blocks.1.attentions.0.temporal_transformer_blocks.0.attn2,-0.04804566875100136,-0.01908290386199951
up_blocks.3.attentions.1.temporal_transformer_blocks.0.attn2,0.19944052398204803,0.09259390830993652
down_blocks.1.attentions.1.temporal_transformer_blocks.0.attn2,0.07979045063257217,-0.14313150942325592
up_blocks.3.attentions.2.temporal_transformer_blocks.0.attn2,0.09134581685066223,0.028894178569316864
down_blocks.2.attentions.0.temporal_transformer_blocks.0.attn2,0.7930904626846313,0.8952174782752991
down_blocks.2.attentions.1.temporal_transformer_blocks.0.attn2,0.49217939376831055,0.6384612917900085
mid_block.attentions.0.temporal_transformer_blocks.0.attn2,0.029668491333723068,0.12174846976995468
up_blocks.1.attentions.0.temporal_transformer_blocks.0.attn2,0.3390038013458252,0.4353802502155304
up_blocks.1.attentions.1.temporal_transformer_blocks.0.attn2,0.03919658437371254,0.04541030153632164
up_blocks.1.attentions.2.temporal_transformer_blocks.0.attn2,0.295477956533432,0.24772973358631134
down_blocks.0.attentions.0.temporal_transformer_blocks.0.attn2,0.1274663656949997,0.0030166229698807
up_blocks.2.attentions.0.temporal_transformer_blocks.0.attn2,0.18723222613334656,0.10439745336771011
down_blocks.0.attentions.1.temporal_transformer_blocks.0.attn2,0.23760652542114258,0.11689525097608566
up_blocks.2.attentions.1.temporal_transformer_blocks.0.attn2,0.045820754021406174,-0.05673208832740784
down_blocks.1.attentions.0.temporal_transformer_blocks.0.attn2,-0.05553221330046654,-0.025926433503627777
up_blocks.2.attentions.2.temporal_transformer_blocks.0.attn2,0.16766294836997986,0.1236899197101593
down_blocks.1.attentions.1.temporal_transformer_blocks.0.attn2,0.08301658928394318,-0.14334064722061157
up_blocks.3.attentions.0.temporal_transformer_blocks.0.attn2,0.2764672636985779,0.12624499201774597
down_blocks.2.attentions.0.temporal_transformer_blocks.0.attn2,0.8063746690750122,0.9052488207817078
down_blocks.2.attentions.1.temporal_transformer_blocks.0.attn2,0.43375587463378906,0.5982033014297485
up_blocks.3.attentions.1.temporal_transformer_blocks.0.attn2,0.19862525165081024,0.09068416059017181
mid_block.attentions.0.temporal_transformer_blocks.0.attn2,0.0016311699291691184,0.10656838119029999
up_blocks.3.attentions.2.temporal_transformer_blocks.0.attn2,0.08986280113458633,0.029208093881607056
up_blocks.1.attentions.0.temporal_transformer_blocks.0.attn2,0.3504846692085266,0.4429284930229187
up_blocks.1.attentions.1.temporal_transformer_blocks.0.attn2,0.03602810204029083,0.0475524365901947
up_blocks.1.attentions.2.temporal_transformer_blocks.0.attn2,0.294075608253479,0.24573473632335663
up_blocks.2.attentions.0.temporal_transformer_blocks.0.attn2,0.1904383897781372,0.10556099563837051
up_blocks.2.attentions.1.temporal_transformer_blocks.0.attn2,0.07250623404979706,-0.047285471111536026
up_blocks.2.attentions.2.temporal_transformer_blocks.0.attn2,0.1697702705860138,0.12315736711025238
down_blocks.0.attentions.0.temporal_transformer_blocks.0.attn2,0.1306772530078888,0.004093090537935495
up_blocks.3.attentions.0.temporal_transformer_blocks.0.attn2,0.2773468792438507,0.12833629548549652
down_blocks.0.attentions.1.temporal_transformer_blocks.0.attn2,0.23131079971790314,0.1148873046040535
down_blocks.1.attentions.0.temporal_transformer_blocks.0.attn2,-0.044328298419713974,-0.01708580181002617
up_blocks.3.attentions.1.temporal_transformer_blocks.0.attn2,0.1983601152896881,0.09239065647125244
down_blocks.1.attentions.1.temporal_transformer_blocks.0.attn2,0.08015234768390656,-0.14148849248886108
up_blocks.3.attentions.2.temporal_transformer_blocks.0.attn2,0.09151317924261093,0.029159817844629288
down_blocks.2.attentions.0.temporal_transformer_blocks.0.attn2,0.8102204203605652,0.8957500457763672
down_blocks.2.attentions.1.temporal_transformer_blocks.0.attn2,0.5043748021125793,0.6427242755889893
mid_block.attentions.0.temporal_transformer_blocks.0.attn2,0.05045723915100098,0.12740109860897064
up_blocks.1.attentions.0.temporal_transformer_blocks.0.attn2,0.3528507947921753,0.4441392123699188
up_blocks.1.attentions.1.temporal_transformer_blocks.0.attn2,0.04619235545396805,0.044683054089546204
up_blocks.1.attentions.2.temporal_transformer_blocks.0.attn2,0.2968668043613434,0.2461463212966919
down_blocks.0.attentions.0.temporal_transformer_blocks.0.attn2,0.12716951966285706,0.0029032379388809204
up_blocks.2.attentions.0.temporal_transformer_blocks.0.attn2,0.1879853755235672,0.10570848733186722
down_blocks.0.attentions.1.temporal_transformer_blocks.0.attn2,0.23677808046340942,0.11655963957309723
up_blocks.2.attentions.1.temporal_transformer_blocks.0.attn2,0.049681853502988815,-0.05497545376420021
down_blocks.1.attentions.0.temporal_transformer_blocks.0.attn2,-0.051589615643024445,-0.02362051047384739
up_blocks.2.attentions.2.temporal_transformer_blocks.0.attn2,0.16890570521354675,0.12367446720600128
down_blocks.1.attentions.1.temporal_transformer_blocks.0.attn2,0.0830434262752533,-0.14193865656852722
up_blocks.3.attentions.0.temporal_transformer_blocks.0.attn2,0.276285320520401,0.12754717469215393
down_blocks.2.attentions.0.temporal_transformer_blocks.0.attn2,0.8208590149879456,0.9039394855499268
down_blocks.2.attentions.1.temporal_transformer_blocks.0.attn2,0.448800653219223,0.6045217514038086
up_blocks.3.attentions.1.temporal_transformer_blocks.0.attn2,0.19742122292518616,0.09074750542640686
mid_block.attentions.0.temporal_transformer_blocks.0.attn2,0.0203375406563282,0.11211155354976654
up_blocks.1.attentions.0.temporal_transformer_blocks.0.attn2,0.3704434931278229,0.4561261832714081
up_blocks.3.attentions.2.temporal_transformer_blocks.0.attn2,0.09026552736759186,0.029546884819865227
up_blocks.1.attentions.1.temporal_transformer_blocks.0.attn2,0.04385107383131981,0.04711008816957474
up_blocks.1.attentions.2.temporal_transformer_blocks.0.attn2,0.294241338968277,0.24300427734851837
up_blocks.2.attentions.0.temporal_transformer_blocks.0.attn2,0.1909908801317215,0.10624433308839798
up_blocks.2.attentions.1.temporal_transformer_blocks.0.attn2,0.07450044900178909,-0.045981477946043015
up_blocks.2.attentions.2.temporal_transformer_blocks.0.attn2,0.1692577749490738,0.12162994593381882
down_blocks.0.attentions.0.temporal_transformer_blocks.0.attn2,0.13041292130947113,0.004141901154071093
up_blocks.3.attentions.0.temporal_transformer_blocks.0.attn2,0.2775118052959442,0.12910442054271698
down_blocks.0.attentions.1.temporal_transformer_blocks.0.attn2,0.2305556833744049,0.1145937368273735
down_blocks.1.attentions.0.temporal_transformer_blocks.0.attn2,-0.040293138474226,-0.01461850106716156
up_blocks.3.attentions.1.temporal_transformer_blocks.0.attn2,0.19709886610507965,0.09219242632389069
down_blocks.1.attentions.1.temporal_transformer_blocks.0.attn2,0.08046368509531021,-0.1399645060300827
up_blocks.3.attentions.2.temporal_transformer_blocks.0.attn2,0.09155190736055374,0.029430590569972992
down_blocks.2.attentions.0.temporal_transformer_blocks.0.attn2,0.8286170959472656,0.8950133919715881
down_blocks.2.attentions.1.temporal_transformer_blocks.0.attn2,0.5158930420875549,0.6449970006942749
mid_block.attentions.0.temporal_transformer_blocks.0.attn2,0.07291657477617264,0.13331834971904755
up_blocks.1.attentions.0.temporal_transformer_blocks.0.attn2,0.3690735697746277,0.45514586567878723
up_blocks.1.attentions.1.temporal_transformer_blocks.0.attn2,0.05335764214396477,0.04296433553099632
up_blocks.1.attentions.2.temporal_transformer_blocks.0.attn2,0.29693925380706787,0.2428056299686432
down_blocks.0.attentions.0.temporal_transformer_blocks.0.attn2,0.12684059143066406,0.0027517734561115503
up_blocks.2.attentions.0.temporal_transformer_blocks.0.attn2,0.1890321969985962,0.10679216682910919
down_blocks.0.attentions.1.temporal_transformer_blocks.0.attn2,0.23582205176353455,0.11614567041397095
up_blocks.2.attentions.1.temporal_transformer_blocks.0.attn2,0.05504217371344566,-0.05308567360043526
down_blocks.1.attentions.0.temporal_transformer_blocks.0.attn2,-0.0472632497549057,-0.020820431411266327
up_blocks.2.attentions.2.temporal_transformer_blocks.0.attn2,0.1701555699110031,0.1231733039021492
down_blocks.1.attentions.1.temporal_transformer_blocks.0.attn2,0.08286010473966599,-0.14078405499458313
down_blocks.2.attentions.0.temporal_transformer_blocks.0.attn2,0.8357417583465576,0.9005596041679382
up_blocks.3.attentions.0.temporal_transformer_blocks.0.attn2,0.27590450644493103,0.12863944470882416
down_blocks.2.attentions.1.temporal_transformer_blocks.0.attn2,0.4674960672855377,0.611100435256958
up_blocks.3.attentions.1.temporal_transformer_blocks.0.attn2,0.1962437480688095,0.0910264179110527
mid_block.attentions.0.temporal_transformer_blocks.0.attn2,0.04243239387869835,0.11839742213487625
up_blocks.1.attentions.0.temporal_transformer_blocks.0.attn2,0.39421430230140686,0.47267594933509827
up_blocks.3.attentions.2.temporal_transformer_blocks.0.attn2,0.09058982878923416,0.02993082068860531
up_blocks.1.attentions.1.temporal_transformer_blocks.0.attn2,0.05396962910890579,0.047221843153238297
up_blocks.1.attentions.2.temporal_transformer_blocks.0.attn2,0.29339808225631714,0.23929037153720856
up_blocks.2.attentions.0.temporal_transformer_blocks.0.attn2,0.1916242241859436,0.10695687681436539
up_blocks.2.attentions.1.temporal_transformer_blocks.0.attn2,0.07631539553403854,-0.04504433646798134
up_blocks.2.attentions.2.temporal_transformer_blocks.0.attn2,0.1686708629131317,0.11999768018722534
down_blocks.0.attentions.0.temporal_transformer_blocks.0.attn2,0.1300363540649414,0.004130934365093708
up_blocks.3.attentions.0.temporal_transformer_blocks.0.attn2,0.2770729959011078,0.12957556545734406
down_blocks.0.attentions.1.temporal_transformer_blocks.0.attn2,0.22972071170806885,0.1142583042383194
down_blocks.1.attentions.0.temporal_transformer_blocks.0.attn2,-0.03594018518924713,-0.01164148561656475
up_blocks.3.attentions.1.temporal_transformer_blocks.0.attn2,0.19597838819026947,0.09205912053585052
down_blocks.1.attentions.1.temporal_transformer_blocks.0.attn2,0.08058609068393707,-0.13882951438426971
up_blocks.3.attentions.2.temporal_transformer_blocks.0.attn2,0.09158429503440857,0.029743891209363937
down_blocks.2.attentions.0.temporal_transformer_blocks.0.attn2,0.8479371666908264,0.8922616243362427
down_blocks.2.attentions.1.temporal_transformer_blocks.0.attn2,0.5281468629837036,0.6450217962265015
mid_block.attentions.0.temporal_transformer_blocks.0.attn2,0.09749601036310196,0.13914428651332855
up_blocks.1.attentions.0.temporal_transformer_blocks.0.attn2,0.39052754640579224,0.470502108335495
up_blocks.1.attentions.1.temporal_transformer_blocks.0.attn2,0.061657290905714035,0.041046854108572006
up_blocks.1.attentions.2.temporal_transformer_blocks.0.attn2,0.2959044575691223,0.23848000168800354
down_blocks.0.attentions.0.temporal_transformer_blocks.0.attn2,0.1264602392911911,0.002554278587922454
up_blocks.2.attentions.0.temporal_transformer_blocks.0.attn2,0.19018876552581787,0.10741467773914337
down_blocks.0.attentions.1.temporal_transformer_blocks.0.attn2,0.23471391201019287,0.11561940610408783
up_blocks.2.attentions.1.temporal_transformer_blocks.0.attn2,0.061688657850027084,-0.051056746393442154
down_blocks.1.attentions.0.temporal_transformer_blocks.0.attn2,-0.04251198470592499,-0.017490612342953682
up_blocks.2.attentions.2.temporal_transformer_blocks.0.attn2,0.17078420519828796,0.12170928716659546
down_blocks.1.attentions.1.temporal_transformer_blocks.0.attn2,0.08233701437711716,-0.1401364505290985
down_blocks.2.attentions.0.temporal_transformer_blocks.0.attn2,0.8499689698219299,0.8938762545585632
up_blocks.3.attentions.0.temporal_transformer_blocks.0.attn2,0.2755107879638672,0.12968924641609192
down_blocks.2.attentions.1.temporal_transformer_blocks.0.attn2,0.4912811517715454,0.617767870426178
mid_block.attentions.0.temporal_transformer_blocks.0.attn2,0.07045210152864456,0.12557192146778107
up_blocks.3.attentions.1.temporal_transformer_blocks.0.attn2,0.19472163915634155,0.09108733385801315
up_blocks.1.attentions.0.temporal_transformer_blocks.0.attn2,0.4228963851928711,0.4937089681625366
up_blocks.3.attentions.2.temporal_transformer_blocks.0.attn2,0.09107667207717896,0.030425038188695908
up_blocks.1.attentions.1.temporal_transformer_blocks.0.attn2,0.06634319573640823,0.04783445969223976
up_blocks.1.attentions.2.temporal_transformer_blocks.0.attn2,0.29191333055496216,0.23495271801948547
up_blocks.2.attentions.0.temporal_transformer_blocks.0.attn2,0.19232574105262756,0.1076977401971817
up_blocks.2.attentions.1.temporal_transformer_blocks.0.attn2,0.07822385430335999,-0.04432232305407524
up_blocks.2.attentions.2.temporal_transformer_blocks.0.attn2,0.16812337934970856,0.11846956610679626
down_blocks.0.attentions.0.temporal_transformer_blocks.0.attn2,0.12949949502944946,0.004062949679791927
up_blocks.3.attentions.0.temporal_transformer_blocks.0.attn2,0.27623042464256287,0.12974214553833008
down_blocks.0.attentions.1.temporal_transformer_blocks.0.attn2,0.2288287729024887,0.11392593383789062
down_blocks.1.attentions.0.temporal_transformer_blocks.0.attn2,-0.031230119988322258,-0.00821630284190178
down_blocks.1.attentions.1.temporal_transformer_blocks.0.attn2,0.08028296381235123,-0.13851499557495117
down_blocks.2.attentions.0.temporal_transformer_blocks.0.attn2,0.8682894110679626,0.8873359560966492
down_blocks.2.attentions.1.temporal_transformer_blocks.0.attn2,0.5427908897399902,0.6415421962738037
mid_block.attentions.0.temporal_transformer_blocks.0.attn2,0.1267358660697937,0.14443926513195038
up_blocks.1.attentions.0.temporal_transformer_blocks.0.attn2,0.42300012707710266,0.4942144751548767
up_blocks.3.attentions.1.temporal_transformer_blocks.0.attn2,0.1947135478258133,0.09185171127319336
up_blocks.1.attentions.1.temporal_transformer_blocks.0.attn2,0.07327311486005783,0.040554698556661606
up_blocks.1.attentions.2.temporal_transformer_blocks.0.attn2,0.29489371180534363,0.23507355153560638
up_blocks.3.attentions.2.temporal_transformer_blocks.0.attn2,0.09136675298213959,0.030168870463967323
up_blocks.2.attentions.0.temporal_transformer_blocks.0.attn2,0.19075718522071838,0.10727447271347046
up_blocks.2.attentions.1.temporal_transformer_blocks.0.attn2,0.07103414833545685,-0.04753520339727402
up_blocks.2.attentions.2.temporal_transformer_blocks.0.attn2,0.1710997372865677,0.119618259370327
up_blocks.3.attentions.0.temporal_transformer_blocks.0.attn2,0.2738834023475647,0.1303427517414093
down_blocks.0.attentions.0.temporal_transformer_blocks.0.attn2,0.1260100156068802,0.002385893603786826
up_blocks.3.attentions.1.temporal_transformer_blocks.0.attn2,0.19352304935455322,0.09102886915206909
down_blocks.0.attentions.1.temporal_transformer_blocks.0.attn2,0.2332393229007721,0.11467430740594864
up_blocks.3.attentions.2.temporal_transformer_blocks.0.attn2,0.09101434051990509,0.031179187819361687
down_blocks.1.attentions.0.temporal_transformer_blocks.0.attn2,-0.03754497319459915,-0.014021516777575016
down_blocks.1.attentions.1.temporal_transformer_blocks.0.attn2,0.08132555335760117,-0.1402982920408249
down_blocks.2.attentions.0.temporal_transformer_blocks.0.attn2,0.862290620803833,0.882091760635376
down_blocks.2.attentions.1.temporal_transformer_blocks.0.attn2,0.5223789811134338,0.6250970363616943
mid_block.attentions.0.temporal_transformer_blocks.0.attn2,0.10882112383842468,0.13219915330410004
up_blocks.1.attentions.0.temporal_transformer_blocks.0.attn2,0.45881032943725586,0.5205621123313904
down_blocks.0.attentions.0.temporal_transformer_blocks.0.attn2,0.12881487607955933,0.0039346227422356606
up_blocks.1.attentions.1.temporal_transformer_blocks.0.attn2,0.07905903458595276,0.04791497811675072
down_blocks.0.attentions.1.temporal_transformer_blocks.0.attn2,0.2278427928686142,0.11360316723585129
up_blocks.1.attentions.2.temporal_transformer_blocks.0.attn2,0.29025304317474365,0.23124563694000244
down_blocks.1.attentions.0.temporal_transformer_blocks.0.attn2,-0.02617490477859974,-0.004657696466892958
up_blocks.2.attentions.0.temporal_transformer_blocks.0.attn2,0.19293774664402008,0.10817784070968628
down_blocks.1.attentions.1.temporal_transformer_blocks.0.attn2,0.07931243628263474,-0.13947142660617828
up_blocks.2.attentions.1.temporal_transformer_blocks.0.attn2,0.08008330315351486,-0.04376200959086418
down_blocks.2.attentions.0.temporal_transformer_blocks.0.attn2,0.889375627040863,0.8811219930648804
up_blocks.2.attentions.2.temporal_transformer_blocks.0.attn2,0.16852626204490662,0.11766619235277176
down_blocks.2.attentions.1.temporal_transformer_blocks.0.attn2,0.563094973564148,0.6360509991645813
mid_block.attentions.0.temporal_transformer_blocks.0.attn2,0.16569431126117706,0.15081076323986053
up_blocks.3.attentions.0.temporal_transformer_blocks.0.attn2,0.2755902111530304,0.130121111869812
up_blocks.1.attentions.0.temporal_transformer_blocks.0.attn2,0.4682352840900421,0.5246555209159851
up_blocks.3.attentions.1.temporal_transformer_blocks.0.attn2,0.19402256608009338,0.09178953617811203
up_blocks.1.attentions.1.temporal_transformer_blocks.0.attn2,0.08831825107336044,0.04411536455154419
up_blocks.1.attentions.2.temporal_transformer_blocks.0.attn2,0.29389989376068115,0.23228423297405243
up_blocks.3.attentions.2.temporal_transformer_blocks.0.attn2,0.09080201387405396,0.030936941504478455
up_blocks.2.attentions.0.temporal_transformer_blocks.0.attn2,0.19125305116176605,0.10776589065790176
up_blocks.2.attentions.1.temporal_transformer_blocks.0.attn2,0.08010482788085938,-0.04270729795098305
up_blocks.2.attentions.2.temporal_transformer_blocks.0.attn2,0.1734757274389267,0.11910126358270645
up_blocks.3.attentions.0.temporal_transformer_blocks.0.attn2,0.27458634972572327,0.13217942416667938
down_blocks.0.attentions.0.temporal_transformer_blocks.0.attn2,0.12574125826358795,0.002391785616055131
up_blocks.3.attentions.1.temporal_transformer_blocks.0.attn2,0.19242803752422333,0.09067352861166
down_blocks.0.attentions.1.temporal_transformer_blocks.0.attn2,0.231438547372818,0.11347034573554993
up_blocks.3.attentions.2.temporal_transformer_blocks.0.attn2,0.09033200144767761,0.031680427491664886
down_blocks.1.attentions.0.temporal_transformer_blocks.0.attn2,-0.03152843192219734,-0.010033348575234413
down_blocks.1.attentions.1.temporal_transformer_blocks.0.attn2,0.07994027435779572,-0.14141224324703217
down_blocks.2.attentions.0.temporal_transformer_blocks.0.attn2,0.8741937875747681,0.8663917779922485
down_blocks.2.attentions.1.temporal_transformer_blocks.0.attn2,0.559694766998291,0.6341262459754944
mid_block.attentions.0.temporal_transformer_blocks.0.attn2,0.15228544175624847,0.13789726793766022
up_blocks.1.attentions.0.temporal_transformer_blocks.0.attn2,0.49889686703681946,0.5495748519897461
down_blocks.0.attentions.0.temporal_transformer_blocks.0.attn2,0.12792713940143585,0.0035780491307377815
up_blocks.1.attentions.1.temporal_transformer_blocks.0.attn2,0.08613483607769012,0.043738529086112976
down_blocks.0.attentions.1.temporal_transformer_blocks.0.attn2,0.22714337706565857,0.11349955946207047
up_blocks.1.attentions.2.temporal_transformer_blocks.0.attn2,0.28951406478881836,0.2289300113916397
down_blocks.1.attentions.0.temporal_transformer_blocks.0.attn2,-0.021454904228448868,-0.0020069493912160397
up_blocks.2.attentions.0.temporal_transformer_blocks.0.attn2,0.19342400133609772,0.10791823267936707
down_blocks.1.attentions.1.temporal_transformer_blocks.0.attn2,0.07746764272451401,-0.14195719361305237
up_blocks.2.attentions.1.temporal_transformer_blocks.0.attn2,0.08178457617759705,-0.04261502996087074
down_blocks.2.attentions.0.temporal_transformer_blocks.0.attn2,0.9090493321418762,0.8734515309333801
up_blocks.2.attentions.2.temporal_transformer_blocks.0.attn2,0.17044568061828613,0.11742191761732101
down_blocks.2.attentions.1.temporal_transformer_blocks.0.attn2,0.5951877236366272,0.6351391673088074
mid_block.attentions.0.temporal_transformer_blocks.0.attn2,0.2016259729862213,0.15652655065059662
up_blocks.3.attentions.0.temporal_transformer_blocks.0.attn2,0.27691540122032166,0.13153597712516785
up_blocks.1.attentions.0.temporal_transformer_blocks.0.attn2,0.5124234557151794,0.552179217338562
up_blocks.3.attentions.1.temporal_transformer_blocks.0.attn2,0.1929856240749359,0.09122856706380844
up_blocks.1.attentions.1.temporal_transformer_blocks.0.attn2,0.10336489230394363,0.047265056520700455
up_blocks.3.attentions.2.temporal_transformer_blocks.0.attn2,0.09006565809249878,0.031474389135837555
up_blocks.1.attentions.2.temporal_transformer_blocks.0.attn2,0.2935459315776825,0.22971953451633453
up_blocks.2.attentions.0.temporal_transformer_blocks.0.attn2,0.19201494753360748,0.10863513499498367
up_blocks.2.attentions.1.temporal_transformer_blocks.0.attn2,0.08242692053318024,-0.04113949462771416
up_blocks.2.attentions.2.temporal_transformer_blocks.0.attn2,0.1771308183670044,0.11949016153812408
up_blocks.3.attentions.0.temporal_transformer_blocks.0.attn2,0.27453476190567017,0.1328972429037094
down_blocks.0.attentions.0.temporal_transformer_blocks.0.attn2,0.1254057139158249,0.002110149245709181
up_blocks.3.attentions.1.temporal_transformer_blocks.0.attn2,0.19106119871139526,0.09041392803192139
down_blocks.0.attentions.1.temporal_transformer_blocks.0.attn2,0.22949402034282684,0.11246262490749359
down_blocks.1.attentions.0.temporal_transformer_blocks.0.attn2,-0.02459791488945484,-0.005680839065462351
up_blocks.3.attentions.2.temporal_transformer_blocks.0.attn2,0.09106095880270004,0.032030198723077774
down_blocks.1.attentions.1.temporal_transformer_blocks.0.attn2,0.07821901142597198,-0.1438998132944107
down_blocks.2.attentions.0.temporal_transformer_blocks.0.attn2,0.8897085785865784,0.8514505624771118
down_blocks.2.attentions.1.temporal_transformer_blocks.0.attn2,0.5991808176040649,0.6434890627861023
mid_block.attentions.0.temporal_transformer_blocks.0.attn2,0.18319164216518402,0.14417988061904907
up_blocks.1.attentions.0.temporal_transformer_blocks.0.attn2,0.5320850610733032,0.5725377202033997
down_blocks.0.attentions.0.temporal_transformer_blocks.0.attn2,0.12590022385120392,0.0013131587766110897
up_blocks.1.attentions.1.temporal_transformer_blocks.0.attn2,0.0868571400642395,0.034827541559934616
up_blocks.1.attentions.2.temporal_transformer_blocks.0.attn2,0.29052382707595825,0.22751756012439728
down_blocks.0.attentions.1.temporal_transformer_blocks.0.attn2,0.2263120412826538,0.11306258291006088
up_blocks.2.attentions.0.temporal_transformer_blocks.0.attn2,0.193721741437912,0.1078849583864212
down_blocks.1.attentions.0.temporal_transformer_blocks.0.attn2,-0.016780277714133263,-0.0002244620700366795
up_blocks.2.attentions.1.temporal_transformer_blocks.0.attn2,0.08305764198303223,-0.0415642149746418
down_blocks.1.attentions.1.temporal_transformer_blocks.0.attn2,0.07546868175268173,-0.14555306732654572
down_blocks.2.attentions.0.temporal_transformer_blocks.0.attn2,0.9282211065292358,0.8641252517700195
up_blocks.2.attentions.2.temporal_transformer_blocks.0.attn2,0.17255905270576477,0.11636831611394882
down_blocks.2.attentions.1.temporal_transformer_blocks.0.attn2,0.6287024021148682,0.6359217166900635
up_blocks.3.attentions.0.temporal_transformer_blocks.0.attn2,0.27858176827430725,0.1334969848394394
mid_block.attentions.0.temporal_transformer_blocks.0.attn2,0.22137533128261566,0.15668578445911407
up_blocks.1.attentions.0.temporal_transformer_blocks.0.attn2,0.5388071537017822,0.5677649974822998
up_blocks.3.attentions.1.temporal_transformer_blocks.0.attn2,0.19119508564472198,0.09044171124696732
up_blocks.1.attentions.1.temporal_transformer_blocks.0.attn2,0.1128036305308342,0.04355660453438759
up_blocks.3.attentions.2.temporal_transformer_blocks.0.attn2,0.09099332243204117,0.03224355727434158
up_blocks.1.attentions.2.temporal_transformer_blocks.0.attn2,0.2948690950870514,0.2281687706708908
up_blocks.2.attentions.0.temporal_transformer_blocks.0.attn2,0.19348794221878052,0.10878914594650269
up_blocks.2.attentions.1.temporal_transformer_blocks.0.attn2,0.08201918005943298,-0.04100697115063667
up_blocks.2.attentions.2.temporal_transformer_blocks.0.attn2,0.17905740439891815,0.11854960769414902
up_blocks.3.attentions.0.temporal_transformer_blocks.0.attn2,0.27543437480926514,0.1338488757610321
down_blocks.0.attentions.0.temporal_transformer_blocks.0.attn2,0.1250695139169693,0.001713534933514893
up_blocks.3.attentions.1.temporal_transformer_blocks.0.attn2,0.19008678197860718,0.09032571315765381
down_blocks.0.attentions.1.temporal_transformer_blocks.0.attn2,0.22711181640625,0.11128570139408112
down_blocks.1.attentions.0.temporal_transformer_blocks.0.attn2,-0.017602218315005302,-0.0015617990866303444
up_blocks.3.attentions.2.temporal_transformer_blocks.0.attn2,0.09230255335569382,0.03272233530879021
down_blocks.1.attentions.1.temporal_transformer_blocks.0.attn2,0.07662118971347809,-0.14735284447669983
down_blocks.2.attentions.0.temporal_transformer_blocks.0.attn2,0.9095708131790161,0.8403487801551819
down_blocks.2.attentions.1.temporal_transformer_blocks.0.attn2,0.6370517611503601,0.6523363590240479
mid_block.attentions.0.temporal_transformer_blocks.0.attn2,0.1977749615907669,0.14823764562606812
up_blocks.1.attentions.0.temporal_transformer_blocks.0.attn2,0.5557793974876404,0.58684903383255
down_blocks.0.attentions.0.temporal_transformer_blocks.0.attn2,0.12487494200468063,0.00027535497792996466
up_blocks.1.attentions.1.temporal_transformer_blocks.0.attn2,0.0915217250585556,0.028218688443303108
up_blocks.1.attentions.2.temporal_transformer_blocks.0.attn2,0.29361316561698914,0.2280571609735489
down_blocks.0.attentions.1.temporal_transformer_blocks.0.attn2,0.22425714135169983,0.11176764219999313
up_blocks.2.attentions.0.temporal_transformer_blocks.0.attn2,0.19320721924304962,0.10773121565580368
down_blocks.1.attentions.0.temporal_transformer_blocks.0.attn2,-0.010833791457116604,0.0030023104045540094
up_blocks.2.attentions.1.temporal_transformer_blocks.0.attn2,0.08496280759572983,-0.0403725765645504
down_blocks.1.attentions.1.temporal_transformer_blocks.0.attn2,0.07466840744018555,-0.14905646443367004
down_blocks.2.attentions.0.temporal_transformer_blocks.0.attn2,0.9445948004722595,0.852979838848114
up_blocks.2.attentions.2.temporal_transformer_blocks.0.attn2,0.1758985072374344,0.11634416878223419
down_blocks.2.attentions.1.temporal_transformer_blocks.0.attn2,0.6545956134796143,0.6364325881004333
up_blocks.3.attentions.0.temporal_transformer_blocks.0.attn2,0.281250923871994,0.13570861518383026
mid_block.attentions.0.temporal_transformer_blocks.0.attn2,0.23301482200622559,0.15730229020118713
up_blocks.1.attentions.0.temporal_transformer_blocks.0.attn2,0.5545488595962524,0.5782876014709473
up_blocks.3.attentions.1.temporal_transformer_blocks.0.attn2,0.19016897678375244,0.09009446948766708
up_blocks.1.attentions.1.temporal_transformer_blocks.0.attn2,0.11251037567853928,0.03355836495757103
up_blocks.3.attentions.2.temporal_transformer_blocks.0.attn2,0.09315983206033707,0.033485010266304016
up_blocks.1.attentions.2.temporal_transformer_blocks.0.attn2,0.2965714633464813,0.226354718208313
up_blocks.2.attentions.0.temporal_transformer_blocks.0.attn2,0.1945853978395462,0.10895577818155289
up_blocks.2.attentions.1.temporal_transformer_blocks.0.attn2,0.08467011153697968,-0.0390816256403923
up_blocks.2.attentions.2.temporal_transformer_blocks.0.attn2,0.181381955742836,0.1174737885594368
up_blocks.3.attentions.0.temporal_transformer_blocks.0.attn2,0.27823033928871155,0.13623927533626556
down_blocks.0.attentions.0.temporal_transformer_blocks.0.attn2,0.12473717331886292,0.0012452385853976011
up_blocks.3.attentions.1.temporal_transformer_blocks.0.attn2,0.19065411388874054,0.09111402928829193
down_blocks.0.attentions.1.temporal_transformer_blocks.0.attn2,0.22407175600528717,0.1098661795258522
down_blocks.1.attentions.0.temporal_transformer_blocks.0.attn2,-0.011331518180668354,0.002187457401305437
up_blocks.3.attentions.2.temporal_transformer_blocks.0.attn2,0.09467939287424088,0.033637937158346176
down_blocks.1.attentions.1.temporal_transformer_blocks.0.attn2,0.07537318766117096,-0.15117715299129486
down_blocks.2.attentions.0.temporal_transformer_blocks.0.attn2,0.9312390089035034,0.8334825038909912
down_blocks.2.attentions.1.temporal_transformer_blocks.0.attn2,0.6684144139289856,0.6560755372047424
mid_block.attentions.0.temporal_transformer_blocks.0.attn2,0.2131679356098175,0.1447499692440033
up_blocks.1.attentions.0.temporal_transformer_blocks.0.attn2,0.5803713798522949,0.6022435426712036
down_blocks.0.attentions.0.temporal_transformer_blocks.0.attn2,0.12379752099514008,-0.000943262071814388
up_blocks.1.attentions.1.temporal_transformer_blocks.0.attn2,0.09858930110931396,0.024114036932587624
up_blocks.1.attentions.2.temporal_transformer_blocks.0.attn2,0.2973906099796295,0.22915376722812653
down_blocks.0.attentions.1.temporal_transformer_blocks.0.attn2,0.22109928727149963,0.11009497195482254
up_blocks.2.attentions.0.temporal_transformer_blocks.0.attn2,0.19412006437778473,0.10836613178253174
down_blocks.1.attentions.0.temporal_transformer_blocks.0.attn2,-0.005941843148320913,0.005488944705575705
up_blocks.2.attentions.1.temporal_transformer_blocks.0.attn2,0.08954645693302155,-0.03722556307911873
down_blocks.1.attentions.1.temporal_transformer_blocks.0.attn2,0.07347653806209564,-0.15401716530323029
up_blocks.2.attentions.2.temporal_transformer_blocks.0.attn2,0.18147048354148865,0.1179811879992485
down_blocks.2.attentions.0.temporal_transformer_blocks.0.attn2,0.9601698517799377,0.8422608971595764
down_blocks.2.attentions.1.temporal_transformer_blocks.0.attn2,0.6909295320510864,0.6476055979728699
up_blocks.3.attentions.0.temporal_transformer_blocks.0.attn2,0.28269651532173157,0.13765698671340942
mid_block.attentions.0.temporal_transformer_blocks.0.attn2,0.2492990493774414,0.15602920949459076
up_blocks.1.attentions.0.temporal_transformer_blocks.0.attn2,0.5810863375663757,0.5984070301055908
up_blocks.3.attentions.1.temporal_transformer_blocks.0.attn2,0.189997136592865,0.09022904187440872
up_blocks.1.attentions.1.temporal_transformer_blocks.0.attn2,0.11422336846590042,0.023111192509531975
up_blocks.3.attentions.2.temporal_transformer_blocks.0.attn2,0.09513134509325027,0.03478541597723961
up_blocks.1.attentions.2.temporal_transformer_blocks.0.attn2,0.30049073696136475,0.22574928402900696
up_blocks.2.attentions.0.temporal_transformer_blocks.0.attn2,0.1954604834318161,0.10963568091392517
up_blocks.2.attentions.1.temporal_transformer_blocks.0.attn2,0.08914856612682343,-0.0353047139942646
up_blocks.2.attentions.2.temporal_transformer_blocks.0.attn2,0.18567775189876556,0.11833932250738144
down_blocks.0.attentions.0.temporal_transformer_blocks.0.attn2,0.12358729541301727,0.00020421190129127353
up_blocks.3.attentions.0.temporal_transformer_blocks.0.attn2,0.2827172875404358,0.13979706168174744
down_blocks.0.attentions.1.temporal_transformer_blocks.0.attn2,0.22048836946487427,0.10844355076551437
up_blocks.3.attentions.1.temporal_transformer_blocks.0.attn2,0.1921868920326233,0.09194513410329819
down_blocks.1.attentions.0.temporal_transformer_blocks.0.attn2,-0.006501404102891684,0.005025471094995737
up_blocks.3.attentions.2.temporal_transformer_blocks.0.attn2,0.0963611826300621,0.03479791805148125
down_blocks.1.attentions.1.temporal_transformer_blocks.0.attn2,0.07377515733242035,-0.1557069569826126
down_blocks.2.attentions.0.temporal_transformer_blocks.0.attn2,0.9513035416603088,0.8301495909690857
down_blocks.2.attentions.1.temporal_transformer_blocks.0.attn2,0.6977888345718384,0.6632439494132996
mid_block.attentions.0.temporal_transformer_blocks.0.attn2,0.23154619336128235,0.13803401589393616
up_blocks.1.attentions.0.temporal_transformer_blocks.0.attn2,0.6089317202568054,0.6202884912490845
up_blocks.1.attentions.1.temporal_transformer_blocks.0.attn2,0.10587148368358612,0.01936507597565651
down_blocks.0.attentions.0.temporal_transformer_blocks.0.attn2,0.12270810455083847,-0.00233659241348505
up_blocks.1.attentions.2.temporal_transformer_blocks.0.attn2,0.301250159740448,0.22983194887638092
down_blocks.0.attentions.1.temporal_transformer_blocks.0.attn2,0.21707002818584442,0.10837209224700928
up_blocks.2.attentions.0.temporal_transformer_blocks.0.attn2,0.19526389241218567,0.10941491276025772
down_blocks.1.attentions.0.temporal_transformer_blocks.0.attn2,-0.0028620215598493814,0.006509725470095873
up_blocks.2.attentions.1.temporal_transformer_blocks.0.attn2,0.0917353630065918,-0.03559716418385506
down_blocks.1.attentions.1.temporal_transformer_blocks.0.attn2,0.07082346826791763,-0.16091600060462952
up_blocks.2.attentions.2.temporal_transformer_blocks.0.attn2,0.18520934879779816,0.11930239200592041
down_blocks.2.attentions.0.temporal_transformer_blocks.0.attn2,0.9714618921279907,0.8275970220565796
up_blocks.3.attentions.0.temporal_transformer_blocks.0.attn2,0.2845458388328552,0.14014509320259094
down_blocks.2.attentions.1.temporal_transformer_blocks.0.attn2,0.7367419600486755,0.6697723269462585
mid_block.attentions.0.temporal_transformer_blocks.0.attn2,0.2630017101764679,0.15339741110801697
up_blocks.3.attentions.1.temporal_transformer_blocks.0.attn2,0.19166550040245056,0.09155381470918655
up_blocks.1.attentions.0.temporal_transformer_blocks.0.attn2,0.6200024485588074,0.6269885897636414
up_blocks.3.attentions.2.temporal_transformer_blocks.0.attn2,0.09611497819423676,0.03588254749774933
up_blocks.1.attentions.1.temporal_transformer_blocks.0.attn2,0.12441027164459229,0.023151876404881477
up_blocks.1.attentions.2.temporal_transformer_blocks.0.attn2,0.30380046367645264,0.22617758810520172
up_blocks.2.attentions.0.temporal_transformer_blocks.0.attn2,0.1963389366865158,0.11070150136947632
up_blocks.2.attentions.1.temporal_transformer_blocks.0.attn2,0.09128647297620773,-0.032182879745960236
up_blocks.2.attentions.2.temporal_transformer_blocks.0.attn2,0.1899869590997696,0.12074068188667297
down_blocks.0.attentions.0.temporal_transformer_blocks.0.attn2,0.12385561317205429,-0.0006085509085096419
up_blocks.3.attentions.0.temporal_transformer_blocks.0.attn2,0.2892181873321533,0.1440991461277008
down_blocks.0.attentions.1.temporal_transformer_blocks.0.attn2,0.2173057496547699,0.10745241492986679
up_blocks.3.attentions.1.temporal_transformer_blocks.0.attn2,0.19438232481479645,0.09266316145658493
down_blocks.1.attentions.0.temporal_transformer_blocks.0.attn2,-0.0027841690462082624,0.006688814144581556
up_blocks.3.attentions.2.temporal_transformer_blocks.0.attn2,0.09720805287361145,0.036058954894542694
down_blocks.1.attentions.1.temporal_transformer_blocks.0.attn2,0.07132681459188461,-0.1611337512731552
down_blocks.2.attentions.0.temporal_transformer_blocks.0.attn2,0.969016969203949,0.8281638026237488
down_blocks.2.attentions.1.temporal_transformer_blocks.0.attn2,0.7289947271347046,0.6747349500656128
mid_block.attentions.0.temporal_transformer_blocks.0.attn2,0.24815930426120758,0.1348758339881897
up_blocks.1.attentions.0.temporal_transformer_blocks.0.attn2,0.6426032781600952,0.6421688199043274
up_blocks.1.attentions.1.temporal_transformer_blocks.0.attn2,0.11469922959804535,0.017041631042957306
down_blocks.0.attentions.0.temporal_transformer_blocks.0.attn2,0.12139783799648285,-0.0041818940080702305
up_blocks.1.attentions.2.temporal_transformer_blocks.0.attn2,0.30575698614120483,0.232698455452919
up_blocks.2.attentions.0.temporal_transformer_blocks.0.attn2,0.19593675434589386,0.11094321310520172
down_blocks.0.attentions.1.temporal_transformer_blocks.0.attn2,0.2125009298324585,0.10666926950216293
up_blocks.2.attentions.1.temporal_transformer_blocks.0.attn2,0.09069196879863739,-0.03529226779937744
down_blocks.1.attentions.0.temporal_transformer_blocks.0.attn2,-0.0031448742374777794,0.005593129433691502
up_blocks.2.attentions.2.temporal_transformer_blocks.0.attn2,0.1894436776638031,0.12118445336818695
down_blocks.1.attentions.1.temporal_transformer_blocks.0.attn2,0.06662940233945847,-0.169207364320755
down_blocks.2.attentions.0.temporal_transformer_blocks.0.attn2,1.0001132488250732,0.8283100128173828
up_blocks.3.attentions.0.temporal_transformer_blocks.0.attn2,0.28980109095573425,0.14466236531734467
down_blocks.2.attentions.1.temporal_transformer_blocks.0.attn2,0.7781708836555481,0.6996926665306091
mid_block.attentions.0.temporal_transformer_blocks.0.attn2,0.2745189070701599,0.14878123998641968
up_blocks.3.attentions.1.temporal_transformer_blocks.0.attn2,0.19445249438285828,0.09315189719200134
up_blocks.1.attentions.0.temporal_transformer_blocks.0.attn2,0.6543356776237488,0.6514816880226135
up_blocks.3.attentions.2.temporal_transformer_blocks.0.attn2,0.09700127691030502,0.037424422800540924
up_blocks.1.attentions.1.temporal_transformer_blocks.0.attn2,0.13346727192401886,0.022249428555369377
up_blocks.1.attentions.2.temporal_transformer_blocks.0.attn2,0.30769747495651245,0.22951272130012512
up_blocks.2.attentions.0.temporal_transformer_blocks.0.attn2,0.19724786281585693,0.11134990304708481
up_blocks.2.attentions.1.temporal_transformer_blocks.0.attn2,0.09418068826198578,-0.029902327805757523
up_blocks.2.attentions.2.temporal_transformer_blocks.0.attn2,0.1930343210697174,0.12274414300918579
down_blocks.0.attentions.0.temporal_transformer_blocks.0.attn2,0.12368379533290863,-0.0016573911998420954
up_blocks.3.attentions.0.temporal_transformer_blocks.0.attn2,0.29763397574424744,0.14950047433376312
down_blocks.0.attentions.1.temporal_transformer_blocks.0.attn2,0.21256349980831146,0.10546837002038956
up_blocks.3.attentions.1.temporal_transformer_blocks.0.attn2,0.19678059220314026,0.09280388802289963
down_blocks.1.attentions.0.temporal_transformer_blocks.0.attn2,-0.002838481916114688,0.005551221780478954
down_blocks.1.attentions.1.temporal_transformer_blocks.0.attn2,0.06802509725093842,-0.16762040555477142
up_blocks.3.attentions.2.temporal_transformer_blocks.0.attn2,0.09806034713983536,0.03770158812403679
down_blocks.2.attentions.0.temporal_transformer_blocks.0.attn2,0.9940605759620667,0.8308091163635254
down_blocks.2.attentions.1.temporal_transformer_blocks.0.attn2,0.7746667265892029,0.7001641988754272
mid_block.attentions.0.temporal_transformer_blocks.0.attn2,0.2523253858089447,0.130858913064003
up_blocks.1.attentions.0.temporal_transformer_blocks.0.attn2,0.6658340096473694,0.6585314273834229
up_blocks.1.attentions.1.temporal_transformer_blocks.0.attn2,0.12798607349395752,0.01658330112695694
up_blocks.1.attentions.2.temporal_transformer_blocks.0.attn2,0.310759574174881,0.23633065819740295
down_blocks.0.attentions.0.temporal_transformer_blocks.0.attn2,0.1200900450348854,-0.00655338354408741
up_blocks.2.attentions.0.temporal_transformer_blocks.0.attn2,0.1958833485841751,0.11105603724718094
down_blocks.0.attentions.1.temporal_transformer_blocks.0.attn2,0.20698553323745728,0.10469358414411545
up_blocks.2.attentions.1.temporal_transformer_blocks.0.attn2,0.09138206392526627,-0.03348683938384056
down_blocks.1.attentions.0.temporal_transformer_blocks.0.attn2,-0.006993837188929319,0.003037430113181472
up_blocks.2.attentions.2.temporal_transformer_blocks.0.attn2,0.19160932302474976,0.1232338398694992
down_blocks.1.attentions.1.temporal_transformer_blocks.0.attn2,0.062009602785110474,-0.17828281223773956
down_blocks.2.attentions.0.temporal_transformer_blocks.0.attn2,1.0439049005508423,0.8526051640510559
up_blocks.3.attentions.0.temporal_transformer_blocks.0.attn2,0.2974110543727875,0.1499965935945511
down_blocks.2.attentions.1.temporal_transformer_blocks.0.attn2,0.8190447688102722,0.7230523824691772
mid_block.attentions.0.temporal_transformer_blocks.0.attn2,0.2711186110973358,0.1379522979259491
up_blocks.3.attentions.1.temporal_transformer_blocks.0.attn2,0.19614256918430328,0.09334872663021088
up_blocks.1.attentions.0.temporal_transformer_blocks.0.attn2,0.6942376494407654,0.6807863712310791
up_blocks.3.attentions.2.temporal_transformer_blocks.0.attn2,0.09715953469276428,0.038716498762369156
up_blocks.1.attentions.1.temporal_transformer_blocks.0.attn2,0.154595285654068,0.028808806091547012
up_blocks.1.attentions.2.temporal_transformer_blocks.0.attn2,0.3157583773136139,0.23719920217990875
up_blocks.2.attentions.0.temporal_transformer_blocks.0.attn2,0.19526031613349915,0.11011919379234314
up_blocks.2.attentions.1.temporal_transformer_blocks.0.attn2,0.09628313034772873,-0.0275319404900074
up_blocks.2.attentions.2.temporal_transformer_blocks.0.attn2,0.1957700252532959,0.12620887160301208
down_blocks.0.attentions.0.temporal_transformer_blocks.0.attn2,0.12374398112297058,-0.0034299304243177176
up_blocks.3.attentions.0.temporal_transformer_blocks.0.attn2,0.30508166551589966,0.15454275906085968
down_blocks.0.attentions.1.temporal_transformer_blocks.0.attn2,0.20711226761341095,0.1029578149318695
up_blocks.3.attentions.1.temporal_transformer_blocks.0.attn2,0.1976117193698883,0.09142233431339264
down_blocks.1.attentions.0.temporal_transformer_blocks.0.attn2,-0.006867911200970411,0.0017156243557110429
down_blocks.1.attentions.1.temporal_transformer_blocks.0.attn2,0.06432497501373291,-0.1758006513118744
up_blocks.3.attentions.2.temporal_transformer_blocks.0.attn2,0.09770160913467407,0.039046697318553925
down_blocks.2.attentions.0.temporal_transformer_blocks.0.attn2,1.0287290811538696,0.8445829749107361
down_blocks.2.attentions.1.temporal_transformer_blocks.0.attn2,0.8165364861488342,0.7225213646888733
mid_block.attentions.0.temporal_transformer_blocks.0.attn2,0.25589171051979065,0.1306593120098114
up_blocks.1.attentions.0.temporal_transformer_blocks.0.attn2,0.6897540092468262,0.6774276494979858
up_blocks.1.attentions.1.temporal_transformer_blocks.0.attn2,0.1458401083946228,0.021168973296880722
up_blocks.1.attentions.2.temporal_transformer_blocks.0.attn2,0.3145059645175934,0.2392221987247467
down_blocks.0.attentions.0.temporal_transformer_blocks.0.attn2,0.12008947134017944,-0.008666323497891426
up_blocks.2.attentions.0.temporal_transformer_blocks.0.attn2,0.19442486763000488,0.110323965549469
down_blocks.0.attentions.1.temporal_transformer_blocks.0.attn2,0.1990029513835907,0.1012440025806427
up_blocks.2.attentions.1.temporal_transformer_blocks.0.attn2,0.08804778009653091,-0.03390106186270714
down_blocks.1.attentions.0.temporal_transformer_blocks.0.attn2,-0.011998748406767845,-0.0009725627023726702
up_blocks.2.attentions.2.temporal_transformer_blocks.0.attn2,0.1936928629875183,0.1268003135919571
down_blocks.1.attentions.1.temporal_transformer_blocks.0.attn2,0.05846390873193741,-0.18767203390598297
down_blocks.2.attentions.0.temporal_transformer_blocks.0.attn2,1.083755612373352,0.8856310844421387
up_blocks.3.attentions.0.temporal_transformer_blocks.0.attn2,0.30523547530174255,0.1550837904214859
down_blocks.2.attentions.1.temporal_transformer_blocks.0.attn2,0.8435789346694946,0.7376147508621216
up_blocks.3.attentions.1.temporal_transformer_blocks.0.attn2,0.1960296779870987,0.09175962209701538
mid_block.attentions.0.temporal_transformer_blocks.0.attn2,0.2648071348667145,0.12851187586784363
up_blocks.1.attentions.0.temporal_transformer_blocks.0.attn2,0.7290215492248535,0.7079852819442749
up_blocks.3.attentions.2.temporal_transformer_blocks.0.attn2,0.09624796360731125,0.039595503360033035
up_blocks.1.attentions.1.temporal_transformer_blocks.0.attn2,0.16665047407150269,0.03337644785642624
up_blocks.1.attentions.2.temporal_transformer_blocks.0.attn2,0.3244626820087433,0.24353978037834167
up_blocks.2.attentions.0.temporal_transformer_blocks.0.attn2,0.193237766623497,0.10897430032491684
up_blocks.2.attentions.1.temporal_transformer_blocks.0.attn2,0.09478317201137543,-0.02672651596367359
up_blocks.2.attentions.2.temporal_transformer_blocks.0.attn2,0.1994418054819107,0.13091357052326202
down_blocks.0.attentions.0.temporal_transformer_blocks.0.attn2,0.12416385114192963,-0.0052665648981928825
up_blocks.3.attentions.0.temporal_transformer_blocks.0.attn2,0.3106004595756531,0.1591203510761261
down_blocks.0.attentions.1.temporal_transformer_blocks.0.attn2,0.19940680265426636,0.09930247813463211
down_blocks.1.attentions.0.temporal_transformer_blocks.0.attn2,-0.014611364342272282,-0.004129767883569002
up_blocks.3.attentions.1.temporal_transformer_blocks.0.attn2,0.1975243240594864,0.08944524824619293
down_blocks.1.attentions.1.temporal_transformer_blocks.0.attn2,0.06063750013709068,-0.18577419221401215
up_blocks.3.attentions.2.temporal_transformer_blocks.0.attn2,0.09632892906665802,0.03960804268717766
down_blocks.2.attentions.0.temporal_transformer_blocks.0.attn2,1.0790071487426758,0.877048671245575
down_blocks.2.attentions.1.temporal_transformer_blocks.0.attn2,0.8379805088043213,0.7339015603065491
mid_block.attentions.0.temporal_transformer_blocks.0.attn2,0.2458631694316864,0.12261127680540085
up_blocks.1.attentions.0.temporal_transformer_blocks.0.attn2,0.7224417328834534,0.7040964365005493
up_blocks.1.attentions.1.temporal_transformer_blocks.0.attn2,0.16099019348621368,0.026746727526187897
up_blocks.1.attentions.2.temporal_transformer_blocks.0.attn2,0.3196548521518707,0.24126730859279633
down_blocks.0.attentions.0.temporal_transformer_blocks.0.attn2,0.12317108362913132,-0.009266692213714123
up_blocks.2.attentions.0.temporal_transformer_blocks.0.attn2,0.19183854758739471,0.10882557183504105
down_blocks.0.attentions.1.temporal_transformer_blocks.0.attn2,0.18866585195064545,0.09646706283092499
up_blocks.2.attentions.1.temporal_transformer_blocks.0.attn2,0.08686410635709763,-0.03143852576613426
down_blocks.1.attentions.0.temporal_transformer_blocks.0.attn2,-0.016902677714824677,-0.006920299492776394
up_blocks.2.attentions.2.temporal_transformer_blocks.0.attn2,0.19644109904766083,0.13137434422969818
down_blocks.1.attentions.1.temporal_transformer_blocks.0.attn2,0.054029665887355804,-0.1979464441537857
down_blocks.2.attentions.0.temporal_transformer_blocks.0.attn2,1.1107144355773926,0.9054484963417053
up_blocks.3.attentions.0.temporal_transformer_blocks.0.attn2,0.3123433589935303,0.15953819453716278
down_blocks.2.attentions.1.temporal_transformer_blocks.0.attn2,0.8688719868659973,0.7534665465354919
up_blocks.3.attentions.1.temporal_transformer_blocks.0.attn2,0.1947689950466156,0.08871211856603622
mid_block.attentions.0.temporal_transformer_blocks.0.attn2,0.2533327043056488,0.11758387833833694
up_blocks.1.attentions.0.temporal_transformer_blocks.0.attn2,0.7596625685691833,0.7349510192871094
up_blocks.3.attentions.2.temporal_transformer_blocks.0.attn2,0.0947059765458107,0.03966452553868294
up_blocks.1.attentions.1.temporal_transformer_blocks.0.attn2,0.16723504662513733,0.0291646309196949
up_blocks.1.attentions.2.temporal_transformer_blocks.0.attn2,0.3308950662612915,0.24672138690948486
up_blocks.2.attentions.0.temporal_transformer_blocks.0.attn2,0.1914798617362976,0.10749929398298264
up_blocks.2.attentions.1.temporal_transformer_blocks.0.attn2,0.0883675292134285,-0.02810264192521572
up_blocks.2.attentions.2.temporal_transformer_blocks.0.attn2,0.19994492828845978,0.13298344612121582
down_blocks.0.attentions.0.temporal_transformer_blocks.0.attn2,0.12589608132839203,-0.006725887302309275
up_blocks.3.attentions.0.temporal_transformer_blocks.0.attn2,0.3150072991847992,0.16249701380729675
down_blocks.0.attentions.1.temporal_transformer_blocks.0.attn2,0.18878071010112762,0.09442572295665741
down_blocks.1.attentions.0.temporal_transformer_blocks.0.attn2,-0.021655632182955742,-0.010513740591704845
up_blocks.3.attentions.1.temporal_transformer_blocks.0.attn2,0.19757385551929474,0.08742248266935349
down_blocks.1.attentions.1.temporal_transformer_blocks.0.attn2,0.05529974773526192,-0.1968235969543457
up_blocks.3.attentions.2.temporal_transformer_blocks.0.attn2,0.09382964670658112,0.03939542919397354
down_blocks.2.attentions.0.temporal_transformer_blocks.0.attn2,1.1167327165603638,0.9001612067222595
down_blocks.2.attentions.1.temporal_transformer_blocks.0.attn2,0.8575360774993896,0.7451168298721313
mid_block.attentions.0.temporal_transformer_blocks.0.attn2,0.2291574776172638,0.09801702946424484
up_blocks.1.attentions.0.temporal_transformer_blocks.0.attn2,0.7564882040023804,0.7325368523597717
up_blocks.1.attentions.1.temporal_transformer_blocks.0.attn2,0.16826894879341125,0.024620840325951576
up_blocks.1.attentions.2.temporal_transformer_blocks.0.attn2,0.3228251039981842,0.24132303893566132
down_blocks.0.attentions.0.temporal_transformer_blocks.0.attn2,0.13170784711837769,-0.007829191163182259
up_blocks.2.attentions.0.temporal_transformer_blocks.0.attn2,0.19101502001285553,0.10852310061454773
down_blocks.0.attentions.1.temporal_transformer_blocks.0.attn2,0.17961396276950836,0.09171983599662781
up_blocks.2.attentions.1.temporal_transformer_blocks.0.attn2,0.07943584024906158,-0.033522479236125946
down_blocks.1.attentions.0.temporal_transformer_blocks.0.attn2,-0.01680677756667137,-0.013684569858014584
up_blocks.2.attentions.2.temporal_transformer_blocks.0.attn2,0.19887708127498627,0.13509584963321686
down_blocks.1.attentions.1.temporal_transformer_blocks.0.attn2,0.04718516021966934,-0.21008636057376862
up_blocks.3.attentions.0.temporal_transformer_blocks.0.attn2,0.31852829456329346,0.1632279008626938
down_blocks.2.attentions.0.temporal_transformer_blocks.0.attn2,1.1207612752914429,0.9096646308898926
down_blocks.2.attentions.1.temporal_transformer_blocks.0.attn2,0.8956443667411804,0.7758197784423828
up_blocks.3.attentions.1.temporal_transformer_blocks.0.attn2,0.19348640739917755,0.08536160737276077
mid_block.attentions.0.temporal_transformer_blocks.0.attn2,0.22503703832626343,0.0936344563961029
up_blocks.3.attentions.2.temporal_transformer_blocks.0.attn2,0.0927647054195404,0.0395192876458168
up_blocks.1.attentions.0.temporal_transformer_blocks.0.attn2,0.7920754551887512,0.7646787762641907
up_blocks.1.attentions.1.temporal_transformer_blocks.0.attn2,0.16076397895812988,0.016020620241761208
up_blocks.1.attentions.2.temporal_transformer_blocks.0.attn2,0.33827775716781616,0.2520684599876404
up_blocks.2.attentions.0.temporal_transformer_blocks.0.attn2,0.1901773065328598,0.10650017857551575
up_blocks.2.attentions.1.temporal_transformer_blocks.0.attn2,0.08178035914897919,-0.029918130487203598
up_blocks.2.attentions.2.temporal_transformer_blocks.0.attn2,0.19955340027809143,0.13620278239250183
down_blocks.0.attentions.0.temporal_transformer_blocks.0.attn2,0.13272905349731445,-0.0065597593784332275
down_blocks.0.attentions.1.temporal_transformer_blocks.0.attn2,0.17853420972824097,0.09019289165735245
up_blocks.3.attentions.0.temporal_transformer_blocks.0.attn2,0.3181835412979126,0.16453614830970764
down_blocks.1.attentions.0.temporal_transformer_blocks.0.attn2,-0.021399104967713356,-0.016056006774306297
up_blocks.3.attentions.1.temporal_transformer_blocks.0.attn2,0.19930535554885864,0.0871952623128891
down_blocks.1.attentions.1.temporal_transformer_blocks.0.attn2,0.04849569499492645,-0.20859284698963165
up_blocks.3.attentions.2.temporal_transformer_blocks.0.attn2,0.08875486254692078,0.038659293204545975
down_blocks.2.attentions.0.temporal_transformer_blocks.0.attn2,1.1303666830062866,0.9028009176254272
down_blocks.2.attentions.1.temporal_transformer_blocks.0.attn2,0.8842954635620117,0.7629268169403076
mid_block.attentions.0.temporal_transformer_blocks.0.attn2,0.21214915812015533,0.07602042704820633
up_blocks.1.attentions.0.temporal_transformer_blocks.0.attn2,0.7889084815979004,0.7602599859237671
up_blocks.1.attentions.1.temporal_transformer_blocks.0.attn2,0.16823668777942657,0.014002298936247826
up_blocks.1.attentions.2.temporal_transformer_blocks.0.attn2,0.32497426867485046,0.24195687472820282
down_blocks.0.attentions.0.temporal_transformer_blocks.0.attn2,0.14338892698287964,-0.0033780343364924192
up_blocks.2.attentions.0.temporal_transformer_blocks.0.attn2,0.1886228770017624,0.10601917654275894
down_blocks.0.attentions.1.temporal_transformer_blocks.0.attn2,0.16842330992221832,0.08284829556941986
up_blocks.2.attentions.1.temporal_transformer_blocks.0.attn2,0.07074563950300217,-0.0359579473733902
down_blocks.1.attentions.0.temporal_transformer_blocks.0.attn2,-0.014253366738557816,-0.02097579650580883
up_blocks.2.attentions.2.temporal_transformer_blocks.0.attn2,0.1992211937904358,0.1390051543712616
down_blocks.1.attentions.1.temporal_transformer_blocks.0.attn2,0.03896445780992508,-0.22572872042655945
up_blocks.3.attentions.0.temporal_transformer_blocks.0.attn2,0.3207832872867584,0.16466088593006134
down_blocks.2.attentions.0.temporal_transformer_blocks.0.attn2,1.1304736137390137,0.908575177192688
down_blocks.2.attentions.1.temporal_transformer_blocks.0.attn2,0.9240036606788635,0.7939208745956421
up_blocks.3.attentions.1.temporal_transformer_blocks.0.attn2,0.19481323659420013,0.08475469052791595
mid_block.attentions.0.temporal_transformer_blocks.0.attn2,0.20083387196063995,0.06940300762653351
up_blocks.3.attentions.2.temporal_transformer_blocks.0.attn2,0.0877765491604805,0.03876536339521408
up_blocks.1.attentions.0.temporal_transformer_blocks.0.attn2,0.823340892791748,0.7921603918075562
up_blocks.1.attentions.1.temporal_transformer_blocks.0.attn2,0.15638941526412964,0.007010168861597776
up_blocks.1.attentions.2.temporal_transformer_blocks.0.attn2,0.34543806314468384,0.2579624652862549
up_blocks.2.attentions.0.temporal_transformer_blocks.0.attn2,0.18852663040161133,0.1053474172949791
up_blocks.2.attentions.1.temporal_transformer_blocks.0.attn2,0.080013707280159,-0.030959298834204674
down_blocks.0.attentions.0.temporal_transformer_blocks.0.attn2,0.14377924799919128,-0.0028308790642768145
up_blocks.2.attentions.2.temporal_transformer_blocks.0.attn2,0.1975579857826233,0.13841727375984192
down_blocks.0.attentions.1.temporal_transformer_blocks.0.attn2,0.16696645319461823,0.08227718621492386
up_blocks.3.attentions.0.temporal_transformer_blocks.0.attn2,0.3179042339324951,0.1644802689552307
down_blocks.1.attentions.0.temporal_transformer_blocks.0.attn2,-0.01695484295487404,-0.022262420505285263
up_blocks.3.attentions.1.temporal_transformer_blocks.0.attn2,0.20305317640304565,0.08800602704286575
down_blocks.1.attentions.1.temporal_transformer_blocks.0.attn2,0.04090522602200508,-0.22402971982955933
down_blocks.2.attentions.0.temporal_transformer_blocks.0.attn2,1.1430838108062744,0.9071373343467712
up_blocks.3.attentions.2.temporal_transformer_blocks.0.attn2,0.08189194649457932,0.03695427626371384
down_blocks.2.attentions.1.temporal_transformer_blocks.0.attn2,0.9187369346618652,0.787773609161377
mid_block.attentions.0.temporal_transformer_blocks.0.attn2,0.1874636858701706,0.054628316313028336
up_blocks.1.attentions.0.temporal_transformer_blocks.0.attn2,0.8255662322044373,0.7892414331436157
up_blocks.1.attentions.1.temporal_transformer_blocks.0.attn2,0.16947928071022034,0.00727656576782465
up_blocks.1.attentions.2.temporal_transformer_blocks.0.attn2,0.3245227634906769,0.2404066026210785
down_blocks.0.attentions.0.temporal_transformer_blocks.0.attn2,0.15800689160823822,0.0046806116588413715
up_blocks.2.attentions.0.temporal_transformer_blocks.0.attn2,0.18736200034618378,0.10436529666185379
up_blocks.2.attentions.1.temporal_transformer_blocks.0.attn2,0.06624317169189453,-0.03819792717695236
down_blocks.0.attentions.1.temporal_transformer_blocks.0.attn2,0.1587240993976593,0.07079748064279556
up_blocks.2.attentions.2.temporal_transformer_blocks.0.attn2,0.19754520058631897,0.14169879257678986
down_blocks.1.attentions.0.temporal_transformer_blocks.0.attn2,-0.0023673854302614927,-0.02079576812684536
down_blocks.1.attentions.1.temporal_transformer_blocks.0.attn2,0.03077097237110138,-0.2449522614479065
up_blocks.3.attentions.0.temporal_transformer_blocks.0.attn2,0.3192286193370819,0.16396966576576233
down_blocks.2.attentions.0.temporal_transformer_blocks.0.attn2,1.1354953050613403,0.9001213908195496
up_blocks.3.attentions.1.temporal_transformer_blocks.0.attn2,0.19722291827201843,0.0848698616027832
down_blocks.2.attentions.1.temporal_transformer_blocks.0.attn2,0.9484046101570129,0.8042094707489014
mid_block.attentions.0.temporal_transformer_blocks.0.attn2,0.20003844797611237,0.055293235927820206
up_blocks.3.attentions.2.temporal_transformer_blocks.0.attn2,0.08055230230093002,0.03683799132704735
up_blocks.1.attentions.0.temporal_transformer_blocks.0.attn2,0.853501558303833,0.8129050731658936
up_blocks.1.attentions.1.temporal_transformer_blocks.0.attn2,0.15708322823047638,0.00453662034124136
up_blocks.1.attentions.2.temporal_transformer_blocks.0.attn2,0.346819132566452,0.2582528293132782
up_blocks.2.attentions.0.temporal_transformer_blocks.0.attn2,0.1887291520833969,0.10585126280784607
up_blocks.2.attentions.1.temporal_transformer_blocks.0.attn2,0.07514311373233795,-0.0352005809545517
down_blocks.0.attentions.0.temporal_transformer_blocks.0.attn2,0.15631575882434845,0.004161549732089043
up_blocks.2.attentions.2.temporal_transformer_blocks.0.attn2,0.19489580392837524,0.13924714922904968
down_blocks.0.attentions.1.temporal_transformer_blocks.0.attn2,0.15721601247787476,0.07042855024337769
up_blocks.3.attentions.0.temporal_transformer_blocks.0.attn2,0.31479793787002563,0.16243234276771545
down_blocks.1.attentions.0.temporal_transformer_blocks.0.attn2,-0.002859368221834302,-0.02121167629957199
up_blocks.3.attentions.1.temporal_transformer_blocks.0.attn2,0.20803196728229523,0.0885993093252182
down_blocks.1.attentions.1.temporal_transformer_blocks.0.attn2,0.03385313227772713,-0.242132768034935
down_blocks.2.attentions.0.temporal_transformer_blocks.0.attn2,1.1487361192703247,0.9075066447257996
up_blocks.3.attentions.2.temporal_transformer_blocks.0.attn2,0.0728956088423729,0.03360285982489586
down_blocks.2.attentions.1.temporal_transformer_blocks.0.attn2,0.9470611214637756,0.8046025633811951
mid_block.attentions.0.temporal_transformer_blocks.0.attn2,0.1843012571334839,0.045519616454839706
up_blocks.1.attentions.0.temporal_transformer_blocks.0.attn2,0.857782244682312,0.8118624091148376
up_blocks.1.attentions.1.temporal_transformer_blocks.0.attn2,0.17339226603507996,0.0048561557196080685
up_blocks.1.attentions.2.temporal_transformer_blocks.0.attn2,0.32466921210289,0.23931927978992462
up_blocks.2.attentions.0.temporal_transformer_blocks.0.attn2,0.1875680685043335,0.10467720776796341
down_blocks.0.attentions.0.temporal_transformer_blocks.0.attn2,0.1684022694826126,0.010158815421164036
up_blocks.2.attentions.1.temporal_transformer_blocks.0.attn2,0.058905672281980515,-0.043142907321453094
down_blocks.0.attentions.1.temporal_transformer_blocks.0.attn2,0.1528964638710022,0.05865927040576935
up_blocks.2.attentions.2.temporal_transformer_blocks.0.attn2,0.19455553591251373,0.14314287900924683
down_blocks.1.attentions.0.temporal_transformer_blocks.0.attn2,0.01873350702226162,-0.014365049079060555
down_blocks.1.attentions.1.temporal_transformer_blocks.0.attn2,0.023006964474916458,-0.2640688121318817
up_blocks.3.attentions.0.temporal_transformer_blocks.0.attn2,0.31596365571022034,0.16225336492061615
down_blocks.2.attentions.0.temporal_transformer_blocks.0.attn2,1.1298346519470215,0.8824820518493652
up_blocks.3.attentions.1.temporal_transformer_blocks.0.attn2,0.20128899812698364,0.08491334319114685
down_blocks.2.attentions.1.temporal_transformer_blocks.0.attn2,0.9714962840080261,0.8128227591514587
mid_block.attentions.0.temporal_transformer_blocks.0.attn2,0.20361968874931335,0.04612182453274727
up_blocks.3.attentions.2.temporal_transformer_blocks.0.attn2,0.07147489488124847,0.03338560834527016
up_blocks.1.attentions.0.temporal_transformer_blocks.0.attn2,0.8803040981292725,0.8274078369140625
up_blocks.1.attentions.1.temporal_transformer_blocks.0.attn2,0.16606178879737854,0.009060556069016457
up_blocks.1.attentions.2.temporal_transformer_blocks.0.attn2,0.3382980227470398,0.24886561930179596
up_blocks.2.attentions.0.temporal_transformer_blocks.0.attn2,0.19160714745521545,0.10929983854293823
up_blocks.2.attentions.1.temporal_transformer_blocks.0.attn2,0.06322235614061356,-0.04389638453722
down_blocks.0.attentions.0.temporal_transformer_blocks.0.attn2,0.16823527216911316,0.010640036314725876
up_blocks.2.attentions.2.temporal_transformer_blocks.0.attn2,0.19352759420871735,0.1397498995065689
down_blocks.0.attentions.1.temporal_transformer_blocks.0.attn2,0.15151992440223694,0.0582192987203598
up_blocks.3.attentions.0.temporal_transformer_blocks.0.attn2,0.3121050000190735,0.15989746153354645
down_blocks.1.attentions.0.temporal_transformer_blocks.0.attn2,0.019581831991672516,-0.014985776506364346
down_blocks.1.attentions.1.temporal_transformer_blocks.0.attn2,0.026826510205864906,-0.2609601318836212
up_blocks.3.attentions.1.temporal_transformer_blocks.0.attn2,0.21611559391021729,0.09128186851739883
down_blocks.2.attentions.0.temporal_transformer_blocks.0.attn2,1.1492234468460083,0.9018212556838989
up_blocks.3.attentions.2.temporal_transformer_blocks.0.attn2,0.06303319334983826,0.029396846890449524
down_blocks.2.attentions.1.temporal_transformer_blocks.0.attn2,0.9765183925628662,0.8190264701843262
mid_block.attentions.0.temporal_transformer_blocks.0.attn2,0.1950262039899826,0.043613918125629425
up_blocks.1.attentions.0.temporal_transformer_blocks.0.attn2,0.8864123225212097,0.8270612955093384
up_blocks.1.attentions.1.temporal_transformer_blocks.0.attn2,0.18386182188987732,0.009867379441857338
up_blocks.1.attentions.2.temporal_transformer_blocks.0.attn2,0.3154216706752777,0.22879928350448608
up_blocks.2.attentions.0.temporal_transformer_blocks.0.attn2,0.1917804777622223,0.10936199873685837
down_blocks.0.attentions.0.temporal_transformer_blocks.0.attn2,0.17478404939174652,0.012991312891244888
up_blocks.2.attentions.1.temporal_transformer_blocks.0.attn2,0.04376162216067314,-0.052578844130039215
down_blocks.0.attentions.1.temporal_transformer_blocks.0.attn2,0.1482984721660614,0.0482671856880188
up_blocks.2.attentions.2.temporal_transformer_blocks.0.attn2,0.19132590293884277,0.14295892417430878
down_blocks.1.attentions.0.temporal_transformer_blocks.0.attn2,0.04361185431480408,-0.007645565550774336
up_blocks.3.attentions.0.temporal_transformer_blocks.0.attn2,0.312226265668869,0.15973831713199615
down_blocks.1.attentions.1.temporal_transformer_blocks.0.attn2,0.01957572065293789,-0.2775847613811493
down_blocks.2.attentions.0.temporal_transformer_blocks.0.attn2,1.1151658296585083,0.8688273429870605
up_blocks.3.attentions.1.temporal_transformer_blocks.0.attn2,0.2084788680076599,0.08710275590419769
down_blocks.2.attentions.1.temporal_transformer_blocks.0.attn2,1.0018584728240967,0.8265166878700256
mid_block.attentions.0.temporal_transformer_blocks.0.attn2,0.2183087319135666,0.044827766716480255
up_blocks.3.attentions.2.temporal_transformer_blocks.0.attn2,0.06115315109491348,0.029119126498699188
up_blocks.1.attentions.0.temporal_transformer_blocks.0.attn2,0.9021458029747009,0.8342077732086182
up_blocks.1.attentions.1.temporal_transformer_blocks.0.attn2,0.17906057834625244,0.018278051167726517
up_blocks.1.attentions.2.temporal_transformer_blocks.0.attn2,0.3177225589752197,0.22895917296409607
up_blocks.2.attentions.0.temporal_transformer_blocks.0.attn2,0.19968199729919434,0.11731590330600739
up_blocks.2.attentions.1.temporal_transformer_blocks.0.attn2,0.04065563157200813,-0.0595284104347229
down_blocks.0.attentions.0.temporal_transformer_blocks.0.attn2,0.1749822050333023,0.013343925587832928
up_blocks.2.attentions.2.temporal_transformer_blocks.0.attn2,0.1945262998342514,0.14049844443798065
down_blocks.0.attentions.1.temporal_transformer_blocks.0.attn2,0.1472901850938797,0.04839863255620003
down_blocks.1.attentions.0.temporal_transformer_blocks.0.attn2,0.04541226476430893,-0.007732207886874676
up_blocks.3.attentions.0.temporal_transformer_blocks.0.attn2,0.30982649326324463,0.1577090173959732
down_blocks.1.attentions.1.temporal_transformer_blocks.0.attn2,0.023348791524767876,-0.2750893831253052
up_blocks.3.attentions.1.temporal_transformer_blocks.0.attn2,0.22707650065422058,0.09596961736679077
down_blocks.2.attentions.0.temporal_transformer_blocks.0.attn2,1.1427711248397827,0.9003238081932068
up_blocks.3.attentions.2.temporal_transformer_blocks.0.attn2,0.05456794798374176,0.025757521390914917
down_blocks.2.attentions.1.temporal_transformer_blocks.0.attn2,1.0089589357376099,0.8317877054214478
mid_block.attentions.0.temporal_transformer_blocks.0.attn2,0.21327558159828186,0.045230183750391006
up_blocks.1.attentions.0.temporal_transformer_blocks.0.attn2,0.9106289148330688,0.8377650380134583
up_blocks.1.attentions.1.temporal_transformer_blocks.0.attn2,0.19656123220920563,0.021904470399022102
up_blocks.1.attentions.2.temporal_transformer_blocks.0.attn2,0.29828155040740967,0.21216583251953125
up_blocks.2.attentions.0.temporal_transformer_blocks.0.attn2,0.2007569819688797,0.11871249228715897
down_blocks.0.attentions.0.temporal_transformer_blocks.0.attn2,0.17987395823001862,0.015295549295842648
up_blocks.2.attentions.1.temporal_transformer_blocks.0.attn2,0.023177022114396095,-0.0660291537642479
down_blocks.0.attentions.1.temporal_transformer_blocks.0.attn2,0.14397560060024261,0.040257904678583145
up_blocks.2.attentions.2.temporal_transformer_blocks.0.attn2,0.19088509678840637,0.14257501065731049
down_blocks.1.attentions.0.temporal_transformer_blocks.0.attn2,0.06844712793827057,-0.0024412130005657673
up_blocks.3.attentions.0.temporal_transformer_blocks.0.attn2,0.30839452147483826,0.15710240602493286
down_blocks.1.attentions.1.temporal_transformer_blocks.0.attn2,0.027942046523094177,-0.2773788869380951
down_blocks.2.attentions.0.temporal_transformer_blocks.0.attn2,1.06911039352417,0.8549190163612366
up_blocks.3.attentions.1.temporal_transformer_blocks.0.attn2,0.2186388224363327,0.091384656727314
down_blocks.2.attentions.1.temporal_transformer_blocks.0.attn2,1.0242295265197754,0.8325039744377136
up_blocks.3.attentions.2.temporal_transformer_blocks.0.attn2,0.05231522023677826,0.025356393307447433
mid_block.attentions.0.temporal_transformer_blocks.0.attn2,0.23532134294509888,0.04675308242440224
up_blocks.1.attentions.0.temporal_transformer_blocks.0.attn2,0.9264318943023682,0.8440175652503967
up_blocks.1.attentions.1.temporal_transformer_blocks.0.attn2,0.18612784147262573,0.02719111368060112
up_blocks.1.attentions.2.temporal_transformer_blocks.0.attn2,0.29283517599105835,0.20943890511989594
up_blocks.2.attentions.0.temporal_transformer_blocks.0.attn2,0.2090228646993637,0.12799674272537231
down_blocks.0.attentions.0.temporal_transformer_blocks.0.attn2,0.1796567291021347,0.01544901542365551
up_blocks.2.attentions.1.temporal_transformer_blocks.0.attn2,0.020138757303357124,-0.0744335800409317
up_blocks.2.attentions.2.temporal_transformer_blocks.0.attn2,0.20325182378292084,0.14549784362316132
down_blocks.0.attentions.1.temporal_transformer_blocks.0.attn2,0.14281988143920898,0.04042163863778114
down_blocks.1.attentions.0.temporal_transformer_blocks.0.attn2,0.07013260573148727,-0.002657499862834811
up_blocks.3.attentions.0.temporal_transformer_blocks.0.attn2,0.30603256821632385,0.1560102105140686
down_blocks.1.attentions.1.temporal_transformer_blocks.0.attn2,0.03173283860087395,-0.2748551070690155
up_blocks.3.attentions.1.temporal_transformer_blocks.0.attn2,0.2401425987482071,0.10086066275835037
down_blocks.2.attentions.0.temporal_transformer_blocks.0.attn2,1.1040394306182861,0.890601634979248
down_blocks.2.attentions.1.temporal_transformer_blocks.0.attn2,1.0331157445907593,0.8365581035614014
up_blocks.3.attentions.2.temporal_transformer_blocks.0.attn2,0.048193201422691345,0.023399045690894127
mid_block.attentions.0.temporal_transformer_blocks.0.attn2,0.23033402860164642,0.048246197402477264
up_blocks.1.attentions.0.temporal_transformer_blocks.0.attn2,0.9374077320098877,0.8533052802085876
up_blocks.1.attentions.1.temporal_transformer_blocks.0.attn2,0.20107844471931458,0.029585091397166252
up_blocks.1.attentions.2.temporal_transformer_blocks.0.attn2,0.2763606905937195,0.1945764571428299
up_blocks.2.attentions.0.temporal_transformer_blocks.0.attn2,0.20934021472930908,0.12815561890602112
down_blocks.0.attentions.0.temporal_transformer_blocks.0.attn2,0.18440642952919006,0.017569484189152718
up_blocks.2.attentions.1.temporal_transformer_blocks.0.attn2,0.00779717555269599,-0.07714498043060303
down_blocks.0.attentions.1.temporal_transformer_blocks.0.attn2,0.13854464888572693,0.03300926461815834
up_blocks.2.attentions.2.temporal_transformer_blocks.0.attn2,0.1977287232875824,0.14570105075836182
down_blocks.1.attentions.0.temporal_transformer_blocks.0.attn2,0.09077207744121552,0.0007649027393199503
up_blocks.3.attentions.0.temporal_transformer_blocks.0.attn2,0.3025406301021576,0.15408220887184143
down_blocks.1.attentions.1.temporal_transformer_blocks.0.attn2,0.04610898718237877,-0.2605796456336975
up_blocks.3.attentions.1.temporal_transformer_blocks.0.attn2,0.23136568069458008,0.09584417194128036
down_blocks.2.attentions.0.temporal_transformer_blocks.0.attn2,1.0322741270065308,0.8632745146751404
down_blocks.2.attentions.1.temporal_transformer_blocks.0.attn2,1.026931881904602,0.8260513544082642
up_blocks.3.attentions.2.temporal_transformer_blocks.0.attn2,0.04606393352150917,0.022877240553498268
mid_block.attentions.0.temporal_transformer_blocks.0.attn2,0.2406257838010788,0.050885580480098724
up_blocks.1.attentions.0.temporal_transformer_blocks.0.attn2,0.9528703689575195,0.8669544458389282
up_blocks.1.attentions.1.temporal_transformer_blocks.0.attn2,0.19018593430519104,0.03587424382567406
up_blocks.1.attentions.2.temporal_transformer_blocks.0.attn2,0.2753092646598816,0.1995692253112793
up_blocks.2.attentions.0.temporal_transformer_blocks.0.attn2,0.21298086643218994,0.1351342499256134
down_blocks.0.attentions.0.temporal_transformer_blocks.0.attn2,0.18398335576057434,0.01754574291408062
up_blocks.2.attentions.1.temporal_transformer_blocks.0.attn2,0.021804021671414375,-0.07602525502443314
up_blocks.2.attentions.2.temporal_transformer_blocks.0.attn2,0.21572251617908478,0.15343259274959564
down_blocks.0.attentions.1.temporal_transformer_blocks.0.attn2,0.1372458040714264,0.03317663073539734
down_blocks.1.attentions.0.temporal_transformer_blocks.0.attn2,0.09226132929325104,0.0008722826605662704
up_blocks.3.attentions.0.temporal_transformer_blocks.0.attn2,0.29712969064712524,0.15315106511116028
down_blocks.1.attentions.1.temporal_transformer_blocks.0.attn2,0.04990323260426521,-0.2585342526435852
up_blocks.3.attentions.1.temporal_transformer_blocks.0.attn2,0.25081080198287964,0.10409355908632278
down_blocks.2.attentions.0.temporal_transformer_blocks.0.attn2,1.0639655590057373,0.8899860978126526
down_blocks.2.attentions.1.temporal_transformer_blocks.0.attn2,1.039737582206726,0.8318929672241211
up_blocks.3.attentions.2.temporal_transformer_blocks.0.attn2,0.042204298079013824,0.02137480303645134
mid_block.attentions.0.temporal_transformer_blocks.0.attn2,0.23594102263450623,0.05229474604129791
up_blocks.1.attentions.0.temporal_transformer_blocks.0.attn2,0.9665177464485168,0.8785004615783691
up_blocks.1.attentions.1.temporal_transformer_blocks.0.attn2,0.202443927526474,0.035580284893512726
up_blocks.1.attentions.2.temporal_transformer_blocks.0.attn2,0.26245996356010437,0.18629464507102966
up_blocks.2.attentions.0.temporal_transformer_blocks.0.attn2,0.2136221081018448,0.13504034280776978
down_blocks.0.attentions.0.temporal_transformer_blocks.0.attn2,0.18858493864536285,0.019774841144680977
up_blocks.2.attentions.1.temporal_transformer_blocks.0.attn2,0.010167290456593037,-0.07835284620523453
up_blocks.2.attentions.2.temporal_transformer_blocks.0.attn2,0.20924431085586548,0.15254610776901245
down_blocks.0.attentions.1.temporal_transformer_blocks.0.attn2,0.1319195032119751,0.02548895590007305
down_blocks.1.attentions.0.temporal_transformer_blocks.0.attn2,0.10972067713737488,0.003567175241187215
up_blocks.3.attentions.0.temporal_transformer_blocks.0.attn2,0.2940158545970917,0.15085867047309875
down_blocks.1.attentions.1.temporal_transformer_blocks.0.attn2,0.06880276650190353,-0.23209834098815918
up_blocks.3.attentions.1.temporal_transformer_blocks.0.attn2,0.2424229234457016,0.09882387518882751
down_blocks.2.attentions.0.temporal_transformer_blocks.0.attn2,0.9746791124343872,0.8449708819389343
down_blocks.2.attentions.1.temporal_transformer_blocks.0.attn2,1.033182144165039,0.8344635963439941
up_blocks.3.attentions.2.temporal_transformer_blocks.0.attn2,0.04088246822357178,0.02073589339852333
mid_block.attentions.0.temporal_transformer_blocks.0.attn2,0.23600563406944275,0.053491201251745224
up_blocks.1.attentions.0.temporal_transformer_blocks.0.attn2,0.9766331911087036,0.8966025710105896
up_blocks.1.attentions.1.temporal_transformer_blocks.0.attn2,0.18790307641029358,0.03806106373667717
up_blocks.1.attentions.2.temporal_transformer_blocks.0.attn2,0.2630320191383362,0.19608791172504425
up_blocks.2.attentions.0.temporal_transformer_blocks.0.attn2,0.21088744699954987,0.13613161444664001
down_blocks.0.attentions.0.temporal_transformer_blocks.0.attn2,0.18819653987884521,0.019729919731616974
up_blocks.2.attentions.1.temporal_transformer_blocks.0.attn2,0.028912067413330078,-0.07499947398900986
down_blocks.0.attentions.1.temporal_transformer_blocks.0.attn2,0.13060128688812256,0.02569935843348503
up_blocks.2.attentions.2.temporal_transformer_blocks.0.attn2,0.22322531044483185,0.1580575704574585
down_blocks.1.attentions.0.temporal_transformer_blocks.0.attn2,0.1108376607298851,0.004021141212433577
up_blocks.3.attentions.0.temporal_transformer_blocks.0.attn2,0.2880537211894989,0.14950595796108246
down_blocks.1.attentions.1.temporal_transformer_blocks.0.attn2,0.07232776284217834,-0.23083500564098358
down_blocks.2.attentions.0.temporal_transformer_blocks.0.attn2,0.9985217452049255,0.8616052269935608
up_blocks.3.attentions.1.temporal_transformer_blocks.0.attn2,0.25608956813812256,0.10446148365736008
down_blocks.2.attentions.1.temporal_transformer_blocks.0.attn2,1.0375418663024902,0.836047887802124
up_blocks.3.attentions.2.temporal_transformer_blocks.0.attn2,0.03378903120756149,0.017560897395014763
mid_block.attentions.0.temporal_transformer_blocks.0.attn2,0.23414598405361176,0.054884955286979675
up_blocks.1.attentions.0.temporal_transformer_blocks.0.attn2,0.988488495349884,0.9039427638053894
up_blocks.1.attentions.1.temporal_transformer_blocks.0.attn2,0.19669346511363983,0.03598747029900551
up_blocks.1.attentions.2.temporal_transformer_blocks.0.attn2,0.25384771823883057,0.1853681206703186
up_blocks.2.attentions.0.temporal_transformer_blocks.0.attn2,0.21221081912517548,0.13727936148643494
up_blocks.2.attentions.1.temporal_transformer_blocks.0.attn2,0.017653830349445343,-0.07826316356658936
down_blocks.0.attentions.0.temporal_transformer_blocks.0.attn2,0.19192416965961456,0.02166215516626835
up_blocks.2.attentions.2.temporal_transformer_blocks.0.attn2,0.21754464507102966,0.15716612339019775
down_blocks.0.attentions.1.temporal_transformer_blocks.0.attn2,0.1237926110625267,0.017549486830830574
down_blocks.1.attentions.0.temporal_transformer_blocks.0.attn2,0.12610620260238647,0.007880945689976215
up_blocks.3.attentions.0.temporal_transformer_blocks.0.attn2,0.2852691113948822,0.14703218638896942
down_blocks.1.attentions.1.temporal_transformer_blocks.0.attn2,0.09244566410779953,-0.19940656423568726
up_blocks.3.attentions.1.temporal_transformer_blocks.0.attn2,0.24838662147521973,0.09927250444889069
down_blocks.2.attentions.0.temporal_transformer_blocks.0.attn2,0.897645890712738,0.8085598945617676
down_blocks.2.attentions.1.temporal_transformer_blocks.0.attn2,1.004691481590271,0.8310573101043701
up_blocks.3.attentions.2.temporal_transformer_blocks.0.attn2,0.034000150859355927,0.01706126518547535
mid_block.attentions.0.temporal_transformer_blocks.0.attn2,0.23399269580841064,0.057698242366313934
up_blocks.1.attentions.0.temporal_transformer_blocks.0.attn2,0.9827197790145874,0.9128179550170898
up_blocks.1.attentions.1.temporal_transformer_blocks.0.attn2,0.18268801271915436,0.03880254924297333
up_blocks.1.attentions.2.temporal_transformer_blocks.0.attn2,0.25058963894844055,0.1901720017194748
up_blocks.2.attentions.0.temporal_transformer_blocks.0.attn2,0.2033618539571762,0.13340093195438385
down_blocks.0.attentions.0.temporal_transformer_blocks.0.attn2,0.19169385731220245,0.021679865196347237
up_blocks.2.attentions.1.temporal_transformer_blocks.0.attn2,0.02553401328623295,-0.07627527415752411
down_blocks.0.attentions.1.temporal_transformer_blocks.0.attn2,0.12258443236351013,0.017834629863500595
up_blocks.2.attentions.2.temporal_transformer_blocks.0.attn2,0.22394481301307678,0.15815626084804535
down_blocks.1.attentions.0.temporal_transformer_blocks.0.attn2,0.1268588900566101,0.008512221276760101
up_blocks.3.attentions.0.temporal_transformer_blocks.0.attn2,0.2838396430015564,0.1458713859319687
down_blocks.1.attentions.1.temporal_transformer_blocks.0.attn2,0.0951559767127037,-0.19917245209217072
down_blocks.2.attentions.0.temporal_transformer_blocks.0.attn2,0.9192139506340027,0.8210242390632629
up_blocks.3.attentions.1.temporal_transformer_blocks.0.attn2,0.25455304980278015,0.10282641649246216
down_blocks.2.attentions.1.temporal_transformer_blocks.0.attn2,1.003995418548584,0.8311139941215515
up_blocks.3.attentions.2.temporal_transformer_blocks.0.attn2,0.023355592042207718,0.010770336724817753
mid_block.attentions.0.temporal_transformer_blocks.0.attn2,0.2336505502462387,0.059011202305555344
up_blocks.1.attentions.0.temporal_transformer_blocks.0.attn2,0.9909886121749878,0.916831910610199
up_blocks.1.attentions.1.temporal_transformer_blocks.0.attn2,0.18946528434753418,0.036211296916007996
up_blocks.1.attentions.2.temporal_transformer_blocks.0.attn2,0.2468109279870987,0.1837848275899887
up_blocks.2.attentions.0.temporal_transformer_blocks.0.attn2,0.20523293316364288,0.13536491990089417
up_blocks.2.attentions.1.temporal_transformer_blocks.0.attn2,0.01671465113759041,-0.0796554759144783
down_blocks.0.attentions.0.temporal_transformer_blocks.0.attn2,0.19313830137252808,0.022879965603351593
up_blocks.2.attentions.2.temporal_transformer_blocks.0.attn2,0.21971963346004486,0.15774200856685638
down_blocks.0.attentions.1.temporal_transformer_blocks.0.attn2,0.11088703572750092,0.00838018674403429
up_blocks.3.attentions.0.temporal_transformer_blocks.0.attn2,0.2805466651916504,0.14359362423419952
down_blocks.1.attentions.0.temporal_transformer_blocks.0.attn2,0.14113706350326538,0.014937672764062881
down_blocks.1.attentions.1.temporal_transformer_blocks.0.attn2,0.10893506556749344,-0.17248031497001648
up_blocks.3.attentions.1.temporal_transformer_blocks.0.attn2,0.24874328076839447,0.09807579964399338
down_blocks.2.attentions.0.temporal_transformer_blocks.0.attn2,0.8110857009887695,0.7604675889015198
up_blocks.3.attentions.2.temporal_transformer_blocks.0.attn2,0.0270291268825531,0.010436595417559147
down_blocks.2.attentions.1.temporal_transformer_blocks.0.attn2,0.9599977135658264,0.8181946873664856
mid_block.attentions.0.temporal_transformer_blocks.0.attn2,0.24723953008651733,0.06897937506437302
up_blocks.1.attentions.0.temporal_transformer_blocks.0.attn2,0.9753680229187012,0.9147815108299255
up_blocks.1.attentions.1.temporal_transformer_blocks.0.attn2,0.18514853715896606,0.04817303270101547
up_blocks.1.attentions.2.temporal_transformer_blocks.0.attn2,0.24332767724990845,0.18552333116531372
up_blocks.2.attentions.0.temporal_transformer_blocks.0.attn2,0.19493427872657776,0.13002938032150269
down_blocks.0.attentions.0.temporal_transformer_blocks.0.attn2,0.1931096762418747,0.022977054119110107
up_blocks.2.attentions.1.temporal_transformer_blocks.0.attn2,0.009218350984156132,-0.0819334089756012
down_blocks.0.attentions.1.temporal_transformer_blocks.0.attn2,0.10981298983097076,0.00870821624994278
up_blocks.2.attentions.2.temporal_transformer_blocks.0.attn2,0.2196919173002243,0.1548737734556198
down_blocks.1.attentions.0.temporal_transformer_blocks.0.attn2,0.14170998334884644,0.01569879613816738
up_blocks.3.attentions.0.temporal_transformer_blocks.0.attn2,0.2789539098739624,0.1406528353691101
down_blocks.1.attentions.1.temporal_transformer_blocks.0.attn2,0.11050181835889816,-0.1729632467031479
down_blocks.2.attentions.0.temporal_transformer_blocks.0.attn2,0.830478847026825,0.7703820466995239
up_blocks.3.attentions.1.temporal_transformer_blocks.0.attn2,0.25130510330200195,0.10110944509506226
down_blocks.2.attentions.1.temporal_transformer_blocks.0.attn2,0.9573625922203064,0.8172671794891357
mid_block.attentions.0.temporal_transformer_blocks.0.attn2,0.24725459516048431,0.07033711671829224
up_blocks.3.attentions.2.temporal_transformer_blocks.0.attn2,0.02731958031654358,0.004946723114699125
up_blocks.1.attentions.0.temporal_transformer_blocks.0.attn2,0.9808284044265747,0.9165674448013306
up_blocks.1.attentions.1.temporal_transformer_blocks.0.attn2,0.18998949229717255,0.04386317729949951
up_blocks.1.attentions.2.temporal_transformer_blocks.0.attn2,0.24322745203971863,0.18236768245697021
up_blocks.2.attentions.0.temporal_transformer_blocks.0.attn2,0.19700822234153748,0.13213790953159332
up_blocks.2.attentions.1.temporal_transformer_blocks.0.attn2,0.0035020215436816216,-0.08478586375713348
up_blocks.2.attentions.2.temporal_transformer_blocks.0.attn2,0.21697047352790833,0.15503531694412231
up_blocks.3.attentions.0.temporal_transformer_blocks.0.attn2,0.27635008096694946,0.13887037336826324
up_blocks.3.attentions.1.temporal_transformer_blocks.0.attn2,0.24761657416820526,0.09692225605249405
up_blocks.3.attentions.2.temporal_transformer_blocks.0.attn2,0.03367439657449722,0.004895906895399094
